video_id,video_url,timestamp_url,question_number,start_time,end_time,question
-lS_YGR9ESo,https://www.youtube.com/watch?v=-lS_YGR9ESo,https://www.youtube.com/watch?v=-lS_YGR9ESo&t=0,1,0,186,राधा नाम
-lS_YGR9ESo,https://www.youtube.com/watch?v=-lS_YGR9ESo,https://www.youtube.com/watch?v=-lS_YGR9ESo&t=186,2,186,738,"काम क्रोध सताता है, मान-सम्मान की भी चाह है, क्या करूं?"
-lS_YGR9ESo,https://www.youtube.com/watch?v=-lS_YGR9ESo,https://www.youtube.com/watch?v=-lS_YGR9ESo&t=738,3,738,873,विपत्ति आने पर मन विचलित-सा हो जाता है।
-lS_YGR9ESo,https://www.youtube.com/watch?v=-lS_YGR9ESo,https://www.youtube.com/watch?v=-lS_YGR9ESo&t=873,4,873,1001,कैसे पता चलेगा कि हमें भगवत्-प्राप्ति होने वाली है?
-lS_YGR9ESo,https://www.youtube.com/watch?v=-lS_YGR9ESo,https://www.youtube.com/watch?v=-lS_YGR9ESo&t=1001,5,1001,1159,क्या नाम और वाणी जी से भी मन का योग प्राप्त हो जाएगा?
-lS_YGR9ESo,https://www.youtube.com/watch?v=-lS_YGR9ESo,https://www.youtube.com/watch?v=-lS_YGR9ESo&t=1159,6,1159,1313,असली सुख कहां छिपा हुआ है?
-lS_YGR9ESo,https://www.youtube.com/watch?v=-lS_YGR9ESo,https://www.youtube.com/watch?v=-lS_YGR9ESo&t=1313,7,1313,1538,"अगर सब में भगवान ही विराजमान हैं, तो फिर लोगों से आसक्ति बंधन का कारण क्यों है?"
-lS_YGR9ESo,https://www.youtube.com/watch?v=-lS_YGR9ESo,https://www.youtube.com/watch?v=-lS_YGR9ESo&t=1538,8,1538,1832,"बहुत समय से प्रयास भी कर रहे हों, पर फिर भी जो चाह रहे हों वह न मिले, तो क्या करें?"
_ynawxVezT4,https://www.youtube.com/watch?v=_ynawxVezT4,https://www.youtube.com/watch?v=_ynawxVezT4&t=0,1,0,329,"हर महान भक्त को कष्ट सहना पड़ा, पर मुझे तो सब अनुकूलता प्राप्त है।"
_ynawxVezT4,https://www.youtube.com/watch?v=_ynawxVezT4,https://www.youtube.com/watch?v=_ynawxVezT4&t=329,2,329,403,साधक को कैसे पता चले कि उसके द्वारा की गई क्रिया आश्रय प्रधान है या साधन प्रधान?
_ynawxVezT4,https://www.youtube.com/watch?v=_ynawxVezT4,https://www.youtube.com/watch?v=_ynawxVezT4&t=403,3,403,525,आत्मबोध कैसे हो? कभी-कभी मन बहुत बेचैन हो जाता है।
_ynawxVezT4,https://www.youtube.com/watch?v=_ynawxVezT4,https://www.youtube.com/watch?v=_ynawxVezT4&t=525,4,525,638,आपकी वाणी से बहुत उत्साह मिलता है।
_ynawxVezT4,https://www.youtube.com/watch?v=_ynawxVezT4,https://www.youtube.com/watch?v=_ynawxVezT4&t=638,5,638,757,"मान-अपमान, लाभ-हानि, सुख-दुख और क्रोध में भी अपने मन को कैसे स्थिर रखें?"
_ynawxVezT4,https://www.youtube.com/watch?v=_ynawxVezT4,https://www.youtube.com/watch?v=_ynawxVezT4&t=757,6,757,903,"अगर भगवान हमारे सामने आ जाएं, तो हम उन्हें कैसे पहचानेंगे?"
_ynawxVezT4,https://www.youtube.com/watch?v=_ynawxVezT4,https://www.youtube.com/watch?v=_ynawxVezT4&t=903,7,903,1209,हम भगवान के द्वारा भेजे गए महापुरुष को कैसे पहचान सकते हैं? क्या उनके चेहरे के तेज या प्रकाश से?
_ynawxVezT4,https://www.youtube.com/watch?v=_ynawxVezT4,https://www.youtube.com/watch?v=_ynawxVezT4&t=1209,8,1209,1549,"दीक्षा संबंधी प्रश्न:अगर नियम छूट गया, प्याज-लहसुन खा लिया या बीमार हो जाएं तो क्या करें?"
-aDTTy-o7vE,https://www.youtube.com/watch?v=-aDTTy-o7vE,https://www.youtube.com/watch?v=-aDTTy-o7vE&t=0,1,0,151,राधा नाम
-aDTTy-o7vE,https://www.youtube.com/watch?v=-aDTTy-o7vE,https://www.youtube.com/watch?v=-aDTTy-o7vE&t=151,2,151,687,"जिनके बारे में पढ़ती हूं, वही भगवान अच्छे लगने लगते हैं।"
-aDTTy-o7vE,https://www.youtube.com/watch?v=-aDTTy-o7vE,https://www.youtube.com/watch?v=-aDTTy-o7vE&t=687,3,687,1361,भगवान के लिए तड़पन और रोना कैसे आए?
-aDTTy-o7vE,https://www.youtube.com/watch?v=-aDTTy-o7vE,https://www.youtube.com/watch?v=-aDTTy-o7vE&t=1361,4,1361,2046,वह स्थिति कैसे आएगी कि भोगों के सामने होते हुए भी उनको भोगने की इच्छा न हो?
-aDTTy-o7vE,https://www.youtube.com/watch?v=-aDTTy-o7vE,https://www.youtube.com/watch?v=-aDTTy-o7vE&t=2046,5,2046,2485,शिष्य का गुरुदेव के लिए सबसे बड़ा भाव और सबसे बड़ी सेवा कौन-सी है?
gHV3rttWaTE,https://www.youtube.com/watch?v=gHV3rttWaTE,https://www.youtube.com/watch?v=gHV3rttWaTE&t=0,1,0,179,राधा नाम
gHV3rttWaTE,https://www.youtube.com/watch?v=gHV3rttWaTE,https://www.youtube.com/watch?v=gHV3rttWaTE&t=179,2,179,285,पत्नी ने फंसा दिया।
gHV3rttWaTE,https://www.youtube.com/watch?v=gHV3rttWaTE,https://www.youtube.com/watch?v=gHV3rttWaTE&t=285,3,285,475,क्या श्रीजी के लिए व्याकुलता पूर्व जन्म की भक्ति से मिलती है या गुरु कृपा से?
gHV3rttWaTE,https://www.youtube.com/watch?v=gHV3rttWaTE,https://www.youtube.com/watch?v=gHV3rttWaTE&t=475,4,475,776,मन जानते हुए भी असत् कार्यों की ओर ही जाता है।
gHV3rttWaTE,https://www.youtube.com/watch?v=gHV3rttWaTE,https://www.youtube.com/watch?v=gHV3rttWaTE&t=776,5,776,871,भगवान की इच्छा में अपनी इच्छा मिलाने का क्या तात्पर्य है?
gHV3rttWaTE,https://www.youtube.com/watch?v=gHV3rttWaTE,https://www.youtube.com/watch?v=gHV3rttWaTE&t=871,6,871,990,सब में भगवान हैं इसलिए सबसे प्रेम करो और सब असत्य है सिर्फ भगवान से प्रेम करो। इन दो वाक्यों को कैसे समझें?
gHV3rttWaTE,https://www.youtube.com/watch?v=gHV3rttWaTE,https://www.youtube.com/watch?v=gHV3rttWaTE&t=990,7,990,1209,एक जिज्ञासु भक्त कब प्रेमी भक्त में बदल जाता है?
gHV3rttWaTE,https://www.youtube.com/watch?v=gHV3rttWaTE,https://www.youtube.com/watch?v=gHV3rttWaTE&t=1209,8,1209,1348,ऐसा क्या करूं कि मेरी सारी इच्छाएं भी पूरी हो जाएं और मैं भगवान का प्रेमी भी बन जाऊं?
gHV3rttWaTE,https://www.youtube.com/watch?v=gHV3rttWaTE,https://www.youtube.com/watch?v=gHV3rttWaTE&t=1348,9,1348,1629,"कभी तो भक्ति मार्ग अच्छा लगता है, कभी ज्ञान मार्ग। समझ नहीं आ रहा कि क्या करूं?"
gHV3rttWaTE,https://www.youtube.com/watch?v=gHV3rttWaTE,https://www.youtube.com/watch?v=gHV3rttWaTE&t=1629,10,1629,1761,ऑफिस में काम करते हुए भगवान से सरलता से कैसे जुड़ें?
gHV3rttWaTE,https://www.youtube.com/watch?v=gHV3rttWaTE,https://www.youtube.com/watch?v=gHV3rttWaTE&t=1761,11,1761,2021,"भगवान का स्वभाव कैसा है, इसे कैसे जानें और जान गए तो क्या होगा?"
u4atgnKjT9I,https://www.youtube.com/watch?v=u4atgnKjT9I,https://www.youtube.com/watch?v=u4atgnKjT9I&t=0,1,0,155,राधा नाम
u4atgnKjT9I,https://www.youtube.com/watch?v=u4atgnKjT9I,https://www.youtube.com/watch?v=u4atgnKjT9I&t=155,2,155,275,"पति सारी सेवा स्वयं ही करते हैं, ऐसे में मैं क्या करूं?"
u4atgnKjT9I,https://www.youtube.com/watch?v=u4atgnKjT9I,https://www.youtube.com/watch?v=u4atgnKjT9I&t=275,3,275,424,तत्त्वबोध का क्या अर्थ है?
u4atgnKjT9I,https://www.youtube.com/watch?v=u4atgnKjT9I,https://www.youtube.com/watch?v=u4atgnKjT9I&t=424,4,424,570,"मन कभी भगवान के लिए खूब रोता है और कभी एकदम गंदा हो जाता है, क्या करूं?"
u4atgnKjT9I,https://www.youtube.com/watch?v=u4atgnKjT9I,https://www.youtube.com/watch?v=u4atgnKjT9I&t=570,5,570,754,भक्ति के सूक्ष्म अहंकार से कैसे बचें?
u4atgnKjT9I,https://www.youtube.com/watch?v=u4atgnKjT9I,https://www.youtube.com/watch?v=u4atgnKjT9I&t=754,6,754,798,पाप और पुण्य क्या हैं?
u4atgnKjT9I,https://www.youtube.com/watch?v=u4atgnKjT9I,https://www.youtube.com/watch?v=u4atgnKjT9I&t=798,7,798,854,आत्मा का अनुभव कैसे करें?
u4atgnKjT9I,https://www.youtube.com/watch?v=u4atgnKjT9I,https://www.youtube.com/watch?v=u4atgnKjT9I&t=854,8,854,1058,मन को पूर्ण भगवदाकार कितने जन्मों में बनाया जा सकता है?
u4atgnKjT9I,https://www.youtube.com/watch?v=u4atgnKjT9I,https://www.youtube.com/watch?v=u4atgnKjT9I&t=1058,9,1058,1180,"जिन्हें भगवद दर्शन हो जाते हैं, क्या वे बार-बार दर्शन कर सकते हैं या यह सिर्फ एक ही बार होता है?"
u4atgnKjT9I,https://www.youtube.com/watch?v=u4atgnKjT9I,https://www.youtube.com/watch?v=u4atgnKjT9I&t=1180,10,1180,1321,जब सब कुछ प्रभु ही निर्धारित करते हैं तो मनुष्य के प्रयासों का महत्व है?
u4atgnKjT9I,https://www.youtube.com/watch?v=u4atgnKjT9I,https://www.youtube.com/watch?v=u4atgnKjT9I&t=1321,11,1321,1406,"आज बच्चे से लेकर बूढ़े और सभी संप्रदायों के लोग आपको सुनते हैं, इसका क्या कारण है?"
u4atgnKjT9I,https://www.youtube.com/watch?v=u4atgnKjT9I,https://www.youtube.com/watch?v=u4atgnKjT9I&t=1406,12,1406,1452,क्या प्रेम और भक्ति एक-दूसरे के पूरक हैं?
u4atgnKjT9I,https://www.youtube.com/watch?v=u4atgnKjT9I,https://www.youtube.com/watch?v=u4atgnKjT9I&t=1452,13,1452,1684,"सत्संग सुनते हुए ही माला कर लेता हूँ, ऐसे में मन नहीं लगता, क्या करूं?"
u4atgnKjT9I,https://www.youtube.com/watch?v=u4atgnKjT9I,https://www.youtube.com/watch?v=u4atgnKjT9I&t=1684,14,1684,1990,"श्री नीम करोली बाबा पर फिल्म बनाने का सौभाग्य मिला है, ऐसे में किन बातों का ध्यान रखें?"
H8Z3qUMXsCs,https://www.youtube.com/watch?v=H8Z3qUMXsCs,https://www.youtube.com/watch?v=H8Z3qUMXsCs&t=0,1,0,176,राधा नाम
H8Z3qUMXsCs,https://www.youtube.com/watch?v=H8Z3qUMXsCs,https://www.youtube.com/watch?v=H8Z3qUMXsCs&t=176,2,176,331,राधा नाम जपने से क्या प्रभाव पड़ता है?
H8Z3qUMXsCs,https://www.youtube.com/watch?v=H8Z3qUMXsCs,https://www.youtube.com/watch?v=H8Z3qUMXsCs&t=331,3,331,509,साधक विषय या वस्तु के आकर्षण से कैसे बचे?
H8Z3qUMXsCs,https://www.youtube.com/watch?v=H8Z3qUMXsCs,https://www.youtube.com/watch?v=H8Z3qUMXsCs&t=509,4,509,586,कर्म और भाग्य में क्या प्रबल है?
H8Z3qUMXsCs,https://www.youtube.com/watch?v=H8Z3qUMXsCs,https://www.youtube.com/watch?v=H8Z3qUMXsCs&t=586,5,586,824,"भगवान अपने भक्तों की परीक्षा लेते हैं, तो क्या नाम जप से उससे बचा जा सकता है?"
H8Z3qUMXsCs,https://www.youtube.com/watch?v=H8Z3qUMXsCs,https://www.youtube.com/watch?v=H8Z3qUMXsCs&t=824,6,824,868,"क्या इष्ट सेवा, गुरु सेवा या संत सेवा करने से प्रारब्ध से बचा जा सकता है?"
H8Z3qUMXsCs,https://www.youtube.com/watch?v=H8Z3qUMXsCs,https://www.youtube.com/watch?v=H8Z3qUMXsCs&t=868,7,868,925,क्या संतों को दूर से प्रणाम करना चाहिए या उनकी दृष्टि में आने के लिए प्रयासरत रहना चाहिए?
H8Z3qUMXsCs,https://www.youtube.com/watch?v=H8Z3qUMXsCs,https://www.youtube.com/watch?v=H8Z3qUMXsCs&t=925,8,925,1093,"अपने काम से अरुचि हो रही है, तो क्या काम बदलने के लिए भगवान पर छोड़ दूं या करता रहूं?"
H8Z3qUMXsCs,https://www.youtube.com/watch?v=H8Z3qUMXsCs,https://www.youtube.com/watch?v=H8Z3qUMXsCs&t=1093,9,1093,1171,भगवान को तत्व से जानने का क्या मतलब है?
H8Z3qUMXsCs,https://www.youtube.com/watch?v=H8Z3qUMXsCs,https://www.youtube.com/watch?v=H8Z3qUMXsCs&t=1171,10,1171,1333,गृहस्थ में जाने-अनजाने में हो जाने वाले पाप या अपराधों से मुक्ति कैसे हो?
H8Z3qUMXsCs,https://www.youtube.com/watch?v=H8Z3qUMXsCs,https://www.youtube.com/watch?v=H8Z3qUMXsCs&t=1333,11,1333,1505,"मेरे पापा मुझे 10 हजार नाम जपने पर 200 रुपये देते हैं, क्या यह सही है?"
H8Z3qUMXsCs,https://www.youtube.com/watch?v=H8Z3qUMXsCs,https://www.youtube.com/watch?v=H8Z3qUMXsCs&t=1505,12,1505,1610,भगवान के घर का सदस्य कैसे बना जाता है?
p0hA52iPUj4,https://www.youtube.com/watch?v=p0hA52iPUj4,https://www.youtube.com/watch?v=p0hA52iPUj4&t=0,1,0,175,राधा नाम
p0hA52iPUj4,https://www.youtube.com/watch?v=p0hA52iPUj4,https://www.youtube.com/watch?v=p0hA52iPUj4&t=175,2,175,393,पति-पत्नी और सास-ससुर क्या ध्यान रखें कि संबंध अच्छे रहें?
p0hA52iPUj4,https://www.youtube.com/watch?v=p0hA52iPUj4,https://www.youtube.com/watch?v=p0hA52iPUj4&t=393,3,393,881,"हनुमान जी को ज्ञानियों में अग्रगण्य कहा जाता है, फिर भी उन्होंने भक्ति मार्ग क्यों चुना?"
p0hA52iPUj4,https://www.youtube.com/watch?v=p0hA52iPUj4,https://www.youtube.com/watch?v=p0hA52iPUj4&t=881,4,881,952,गुरु को हृदय से धारण कर लेना चाहिए या उनसे दीक्षा लेना ही ज़रूरी है?
p0hA52iPUj4,https://www.youtube.com/watch?v=p0hA52iPUj4,https://www.youtube.com/watch?v=p0hA52iPUj4&t=952,5,952,1143,"उपदेश नहीं करना चाहिए, पर कभी जब कोई पूछता है तो घंटों बातचीत हो जाती है।"
p0hA52iPUj4,https://www.youtube.com/watch?v=p0hA52iPUj4,https://www.youtube.com/watch?v=p0hA52iPUj4&t=1143,6,1143,1340,"बच्चे डॉक्टर-इंजीनियर बनें या न बनें, पर वे एक अच्छे इंसान बन जाएँ।"
p0hA52iPUj4,https://www.youtube.com/watch?v=p0hA52iPUj4,https://www.youtube.com/watch?v=p0hA52iPUj4&t=1340,7,1340,1395,गुरु के प्रति प्रेम और श्रद्धा-विश्वास कैसे बढ़े?
p0hA52iPUj4,https://www.youtube.com/watch?v=p0hA52iPUj4,https://www.youtube.com/watch?v=p0hA52iPUj4&t=1395,8,1395,1467,"आपने हमारा जीवन बदल दिया है, इसलिए हम आपको धन्यवाद बोलना चाहते हैं।"
p0hA52iPUj4,https://www.youtube.com/watch?v=p0hA52iPUj4,https://www.youtube.com/watch?v=p0hA52iPUj4&t=1467,9,1467,1761,"संन्यास लेने की हिम्मत न हो और गृहस्थ मार्ग भयभीत करने वाला लगे, तो ऐसे में क्या करें?"
p0hA52iPUj4,https://www.youtube.com/watch?v=p0hA52iPUj4,https://www.youtube.com/watch?v=p0hA52iPUj4&t=1761,10,1761,2024,किसी गृहस्थ साधक के जीवन में कोई समस्या आए तो क्या उसे किसी से मदद मांगनी चाहिए?
os9_mTHWOJU,https://www.youtube.com/watch?v=os9_mTHWOJU,https://www.youtube.com/watch?v=os9_mTHWOJU&t=0,1,0,150,राधा नाम
os9_mTHWOJU,https://www.youtube.com/watch?v=os9_mTHWOJU,https://www.youtube.com/watch?v=os9_mTHWOJU&t=150,2,150,259,क्या आपको पहले से पता चल गया था कि यह सब होने वाला है?
os9_mTHWOJU,https://www.youtube.com/watch?v=os9_mTHWOJU,https://www.youtube.com/watch?v=os9_mTHWOJU&t=259,3,259,385,दैनिक जीवन में पूर्ण समर्पण का स्वरूप कैसा होता है?
os9_mTHWOJU,https://www.youtube.com/watch?v=os9_mTHWOJU,https://www.youtube.com/watch?v=os9_mTHWOJU&t=385,4,385,506,अपनी भक्ति को इतना दृढ़ कैसे बनाऊं कि लोगों के विचारों से फर्क न पड़े?
os9_mTHWOJU,https://www.youtube.com/watch?v=os9_mTHWOJU,https://www.youtube.com/watch?v=os9_mTHWOJU&t=506,5,506,659,भगवान की मर्जी में राजी रहना बड़ा मुश्किल लगता है।
os9_mTHWOJU,https://www.youtube.com/watch?v=os9_mTHWOJU,https://www.youtube.com/watch?v=os9_mTHWOJU&t=659,6,659,732,"भक्ति बढ़ने पर संतों के दर्शन होते हैं, तो वे किस स्वरूप में होते हैं?"
os9_mTHWOJU,https://www.youtube.com/watch?v=os9_mTHWOJU,https://www.youtube.com/watch?v=os9_mTHWOJU&t=732,7,732,829,क्या सच्चा भक्त भाग्य से ऊपर उठ जाता है?
os9_mTHWOJU,https://www.youtube.com/watch?v=os9_mTHWOJU,https://www.youtube.com/watch?v=os9_mTHWOJU&t=829,8,829,1133,"भक्ति करते-करते सेवा छूट जाती है, क्या करूं?"
os9_mTHWOJU,https://www.youtube.com/watch?v=os9_mTHWOJU,https://www.youtube.com/watch?v=os9_mTHWOJU&t=1133,9,1133,1364,प्रेम में डूबे भक्त की स्थिति कैसी होती है?
os9_mTHWOJU,https://www.youtube.com/watch?v=os9_mTHWOJU,https://www.youtube.com/watch?v=os9_mTHWOJU&t=1364,10,1364,1798,संत किसे कहते हैं? क्या संत किसी वेश या व्यक्ति को कहते हैं?
6JjOPJy1Pm0,https://www.youtube.com/watch?v=6JjOPJy1Pm0,https://www.youtube.com/watch?v=6JjOPJy1Pm0&t=0,1,0,80,राधा नाम
6JjOPJy1Pm0,https://www.youtube.com/watch?v=6JjOPJy1Pm0,https://www.youtube.com/watch?v=6JjOPJy1Pm0&t=80,2,80,171,गृहस्थ में रहते हुए शिवोहम की स्थिति कैसे आएगी?
6JjOPJy1Pm0,https://www.youtube.com/watch?v=6JjOPJy1Pm0,https://www.youtube.com/watch?v=6JjOPJy1Pm0&t=171,3,171,633,वासुदेवम् सर्वम् के भाव को कैसे अनुभव करूं?
6JjOPJy1Pm0,https://www.youtube.com/watch?v=6JjOPJy1Pm0,https://www.youtube.com/watch?v=6JjOPJy1Pm0&t=633,4,633,743,पाप और अपराध में क्या फर्क है?
6JjOPJy1Pm0,https://www.youtube.com/watch?v=6JjOPJy1Pm0,https://www.youtube.com/watch?v=6JjOPJy1Pm0&t=743,5,743,869,स्थितप्रज्ञ की स्थिति क्या होती है?
6JjOPJy1Pm0,https://www.youtube.com/watch?v=6JjOPJy1Pm0,https://www.youtube.com/watch?v=6JjOPJy1Pm0&t=869,6,869,981,सभी संतों में अपने गुरुदेव जैसी भावना कैसे आए?
6JjOPJy1Pm0,https://www.youtube.com/watch?v=6JjOPJy1Pm0,https://www.youtube.com/watch?v=6JjOPJy1Pm0&t=981,7,981,1079,क्या पिछले जन्म के कर्मों से इस जन्म में अध्यात्म में झुकाव होता है?
6JjOPJy1Pm0,https://www.youtube.com/watch?v=6JjOPJy1Pm0,https://www.youtube.com/watch?v=6JjOPJy1Pm0&t=1079,8,1079,1149,"मैंने पूज्य भाईजी महाराज जी की शरण तो ले ली, पर क्या उन्होंने भी मुझे स्वीकार कर लिया?"
6JjOPJy1Pm0,https://www.youtube.com/watch?v=6JjOPJy1Pm0,https://www.youtube.com/watch?v=6JjOPJy1Pm0&t=1149,9,1149,1464,"संत दर्शन करने जाएं, तो किन बातों का ध्यान रखें?"
6JjOPJy1Pm0,https://www.youtube.com/watch?v=6JjOPJy1Pm0,https://www.youtube.com/watch?v=6JjOPJy1Pm0&t=1464,10,1464,1695,सब लक्षण जो नहीं होने चाहिए वे सब मुझमें हैं ऐसे में भक्ति मार्ग में कैसे चलूँ?
Ril6ZN8ckuY,https://www.youtube.com/watch?v=Ril6ZN8ckuY,https://www.youtube.com/watch?v=Ril6ZN8ckuY&t=0,1,0,130,अनन्यता और कट्टरता में अंतर कैसे पहचानें?
Ril6ZN8ckuY,https://www.youtube.com/watch?v=Ril6ZN8ckuY,https://www.youtube.com/watch?v=Ril6ZN8ckuY&t=130,2,130,286,"'जब मैं था तब हरि नहीं, अब हरि हैं मैं नाहिं'—यह दोहा जीवन में कैसे उतरेगा?"
Ril6ZN8ckuY,https://www.youtube.com/watch?v=Ril6ZN8ckuY,https://www.youtube.com/watch?v=Ril6ZN8ckuY&t=286,3,286,469,भक्ति में लगाव और प्रेम में क्या अंतर है?
Ril6ZN8ckuY,https://www.youtube.com/watch?v=Ril6ZN8ckuY,https://www.youtube.com/watch?v=Ril6ZN8ckuY&t=469,4,469,631,कर्म और प्रारब्ध में क्या भेद है?
Ril6ZN8ckuY,https://www.youtube.com/watch?v=Ril6ZN8ckuY,https://www.youtube.com/watch?v=Ril6ZN8ckuY&t=631,5,631,1076,"राम, कृष्ण और गुरुदेव सब एक ही तत्व हैं, तो उस तत्व का साक्षात्कार कैसे हो?"
Ril6ZN8ckuY,https://www.youtube.com/watch?v=Ril6ZN8ckuY,https://www.youtube.com/watch?v=Ril6ZN8ckuY&t=1076,6,1076,1161,अहंकार से कैसे बचूँ?
Ril6ZN8ckuY,https://www.youtube.com/watch?v=Ril6ZN8ckuY,https://www.youtube.com/watch?v=Ril6ZN8ckuY&t=1161,7,1161,1357,"इस मन ने मेरा जीना हराम कर रखा है, यह हर समय गलत सोचता रहता है।"
NABG9UTDAh0,https://www.youtube.com/watch?v=NABG9UTDAh0,https://www.youtube.com/watch?v=NABG9UTDAh0&t=0,1,0,183,राधा नाम
NABG9UTDAh0,https://www.youtube.com/watch?v=NABG9UTDAh0,https://www.youtube.com/watch?v=NABG9UTDAh0&t=183,2,183,359,क्या भगवद प्राप्ति होने पर हमें भगवान दिखने लगते हैं?
NABG9UTDAh0,https://www.youtube.com/watch?v=NABG9UTDAh0,https://www.youtube.com/watch?v=NABG9UTDAh0&t=359,3,359,661,मन को कैसे समझाएं कि उम्र निकलती जा रही है?
NABG9UTDAh0,https://www.youtube.com/watch?v=NABG9UTDAh0,https://www.youtube.com/watch?v=NABG9UTDAh0&t=661,4,661,834,"जो लोग हमसे द्वेष रखते हैं, उनसे कैसे बचें?"
NABG9UTDAh0,https://www.youtube.com/watch?v=NABG9UTDAh0,https://www.youtube.com/watch?v=NABG9UTDAh0&t=834,5,834,924,ऐसा क्या करूं कि इस जन्म के कर्म मुझे अगले जन्म में न भोगने पड़ें?
NABG9UTDAh0,https://www.youtube.com/watch?v=NABG9UTDAh0,https://www.youtube.com/watch?v=NABG9UTDAh0&t=924,6,924,1047,माया की रुकावटों को कैसे पहचानें और उनसे कैसे बचें?
NABG9UTDAh0,https://www.youtube.com/watch?v=NABG9UTDAh0,https://www.youtube.com/watch?v=NABG9UTDAh0&t=1047,7,1047,1144,मुझे कैसे पता चलेगा कि मैं सच में भगवान को चाहता हूं या सिर्फ दुखों से मुक्ति पाना चाहता हूं?
NABG9UTDAh0,https://www.youtube.com/watch?v=NABG9UTDAh0,https://www.youtube.com/watch?v=NABG9UTDAh0&t=1144,8,1144,1228,कहीं अच्छे कर्म करने से ऐसा तो नहीं कि मैं मोक्ष के बदले स्वर्ग चला जाऊं?
NABG9UTDAh0,https://www.youtube.com/watch?v=NABG9UTDAh0,https://www.youtube.com/watch?v=NABG9UTDAh0&t=1228,9,1228,1466,अगर अंतिम समय में मूर्छा आ गई तो क्या होगा?
NABG9UTDAh0,https://www.youtube.com/watch?v=NABG9UTDAh0,https://www.youtube.com/watch?v=NABG9UTDAh0&t=1466,10,1466,1781,भगवान को कौन से भक्त बहुत प्रिय हैं?
NABG9UTDAh0,https://www.youtube.com/watch?v=NABG9UTDAh0,https://www.youtube.com/watch?v=NABG9UTDAh0&t=1781,11,1781,2062,"तुलसीदास जी कहते हैं 'राम के हो जाओ', तो राम का कैसे हुआ जाता है?"
c2neC5hL4x0,https://www.youtube.com/watch?v=c2neC5hL4x0,https://www.youtube.com/watch?v=c2neC5hL4x0&t=0,1,0,173,राधा नाम
c2neC5hL4x0,https://www.youtube.com/watch?v=c2neC5hL4x0,https://www.youtube.com/watch?v=c2neC5hL4x0&t=173,2,173,339,कविता
c2neC5hL4x0,https://www.youtube.com/watch?v=c2neC5hL4x0,https://www.youtube.com/watch?v=c2neC5hL4x0&t=339,3,339,799,वह दिन था जिसने सब कुछ बदल दिया।
c2neC5hL4x0,https://www.youtube.com/watch?v=c2neC5hL4x0,https://www.youtube.com/watch?v=c2neC5hL4x0&t=799,4,799,1082,भगवद प्राप्ति में आने वाली बाधाओं को कैसे मिटाएं?
c2neC5hL4x0,https://www.youtube.com/watch?v=c2neC5hL4x0,https://www.youtube.com/watch?v=c2neC5hL4x0&t=1082,5,1082,1220,शरणागति और भगवद प्राप्ति में क्या अंतर है?
c2neC5hL4x0,https://www.youtube.com/watch?v=c2neC5hL4x0,https://www.youtube.com/watch?v=c2neC5hL4x0&t=1220,6,1220,1380,"लगता था डिग्री मिल जाएगी तो मन शांत हो जाएगा, पर अब डिग्री मिलने के बाद भी शांति नहीं मिल रही है।"
c2neC5hL4x0,https://www.youtube.com/watch?v=c2neC5hL4x0,https://www.youtube.com/watch?v=c2neC5hL4x0&t=1380,7,1380,1663,क्या ग्रहों की दशा से कर्मफल मिलता है और क्या कर्म ग्रहों की दशा से बचा सकते हैं?
c2neC5hL4x0,https://www.youtube.com/watch?v=c2neC5hL4x0,https://www.youtube.com/watch?v=c2neC5hL4x0&t=1663,8,1663,2051,"एक योगी की तरह मन, बुद्धि व इंद्रियां एकदम शांत हो जाएं, ऐसी स्थिति कैसे आएगी?"
M0IH15wC8Ok,https://www.youtube.com/watch?v=M0IH15wC8Ok,https://www.youtube.com/watch?v=M0IH15wC8Ok&t=0,1,0,179,राधा नाम
M0IH15wC8Ok,https://www.youtube.com/watch?v=M0IH15wC8Ok,https://www.youtube.com/watch?v=M0IH15wC8Ok&t=179,2,179,290,"पति बोलते हैं, ""तुम सत्संगी नहीं हो, इसलिए मैं तुमसे बात नहीं करूंगा।"""
M0IH15wC8Ok,https://www.youtube.com/watch?v=M0IH15wC8Ok,https://www.youtube.com/watch?v=M0IH15wC8Ok&t=290,3,290,381,"मन, बुद्धि का बॉस कैसे बनूं?"
M0IH15wC8Ok,https://www.youtube.com/watch?v=M0IH15wC8Ok,https://www.youtube.com/watch?v=M0IH15wC8Ok&t=381,4,381,536,भगवान को पूर्ण समर्पण इतना प्रिय क्यों है?
M0IH15wC8Ok,https://www.youtube.com/watch?v=M0IH15wC8Ok,https://www.youtube.com/watch?v=M0IH15wC8Ok&t=536,5,536,640,भक्ति और ज्ञान में क्या संबंध है?
M0IH15wC8Ok,https://www.youtube.com/watch?v=M0IH15wC8Ok,https://www.youtube.com/watch?v=M0IH15wC8Ok&t=640,6,640,835,"क्या नाम का स्मरण करने, नाम को सुनने और नाम को बोलने के फल में अंतर है?"
M0IH15wC8Ok,https://www.youtube.com/watch?v=M0IH15wC8Ok,https://www.youtube.com/watch?v=M0IH15wC8Ok&t=835,7,835,1049,मैं स्कूल की मुखिया हूं। बच्चे समझाने पर भी गलत नशे आदि में चले जाते हैं। मुझे क्या करना चाहिए?
M0IH15wC8Ok,https://www.youtube.com/watch?v=M0IH15wC8Ok,https://www.youtube.com/watch?v=M0IH15wC8Ok&t=1049,8,1049,1230,"जिसने भोग भोगा नहीं, वह उसका त्याग कैसे कर सकता है?"
M0IH15wC8Ok,https://www.youtube.com/watch?v=M0IH15wC8Ok,https://www.youtube.com/watch?v=M0IH15wC8Ok&t=1230,9,1230,1382,"पत्नी ने गुस्से में आजीवन ब्रह्मचर्य की कसम ले ली, पर अब कसम तोड़ना चाहते हैं।"
M0IH15wC8Ok,https://www.youtube.com/watch?v=M0IH15wC8Ok,https://www.youtube.com/watch?v=M0IH15wC8Ok&t=1382,10,1382,1671,माता शबरी जी जैसा समर्पण और धैर्य हमारे अंदर कैसे आएगा?
M0IH15wC8Ok,https://www.youtube.com/watch?v=M0IH15wC8Ok,https://www.youtube.com/watch?v=M0IH15wC8Ok&t=1671,11,1671,2083,क्या कोई ऐसा कार्य है जो भगवान भी नहीं कर सकते?
4Of240PBnug,https://www.youtube.com/watch?v=4Of240PBnug,https://www.youtube.com/watch?v=4Of240PBnug&t=0,1,0,174,राधा नाम
4Of240PBnug,https://www.youtube.com/watch?v=4Of240PBnug,https://www.youtube.com/watch?v=4Of240PBnug&t=174,2,174,719,आपकी तरह दृढ़ संकल्पवान कैसे बनूं?
4Of240PBnug,https://www.youtube.com/watch?v=4Of240PBnug,https://www.youtube.com/watch?v=4Of240PBnug&t=719,3,719,1032,पूर्ण रूप से भगवान के भरोसे कैसे हों?
4Of240PBnug,https://www.youtube.com/watch?v=4Of240PBnug,https://www.youtube.com/watch?v=4Of240PBnug&t=1032,4,1032,1118,संत मिलन का क्या अर्थ है?
4Of240PBnug,https://www.youtube.com/watch?v=4Of240PBnug,https://www.youtube.com/watch?v=4Of240PBnug&t=1118,5,1118,1299,"मैं खुद को जानना चाहता हूं और सिद्ध पुरुष बनना चाहता हूं, क्या करूं?"
4Of240PBnug,https://www.youtube.com/watch?v=4Of240PBnug,https://www.youtube.com/watch?v=4Of240PBnug&t=1299,6,1299,1390,कैसे पता चलेगा कि हमारे बुरे कर्म खत्म होने वाले हैं?
4Of240PBnug,https://www.youtube.com/watch?v=4Of240PBnug,https://www.youtube.com/watch?v=4Of240PBnug&t=1390,7,1390,1968,क्या भक्ति तब ही जीवन में आती है जब हम सब जगह से हार जाते हैं?
3Y3COxRnhHY,https://www.youtube.com/watch?v=3Y3COxRnhHY,https://www.youtube.com/watch?v=3Y3COxRnhHY&t=0,1,0,174,राधा नाम
3Y3COxRnhHY,https://www.youtube.com/watch?v=3Y3COxRnhHY,https://www.youtube.com/watch?v=3Y3COxRnhHY&t=174,2,174,775,प्रार्थना करने पर भी भगवान हमारी इच्छा पूरी क्यों नहीं करते?
3Y3COxRnhHY,https://www.youtube.com/watch?v=3Y3COxRnhHY,https://www.youtube.com/watch?v=3Y3COxRnhHY&t=775,3,775,936,"जो भगवान की इच्छा से होता है, उसको कैसे पहचानें?"
3Y3COxRnhHY,https://www.youtube.com/watch?v=3Y3COxRnhHY,https://www.youtube.com/watch?v=3Y3COxRnhHY&t=936,4,936,1136,"शास्त्र-अध्ययन और संतों का संग, क्या ये सब भी भजन के अंतर्गत आता है?"
3Y3COxRnhHY,https://www.youtube.com/watch?v=3Y3COxRnhHY,https://www.youtube.com/watch?v=3Y3COxRnhHY&t=1136,5,1136,1628,भक्त की परीक्षा कैसे होती है?
3Y3COxRnhHY,https://www.youtube.com/watch?v=3Y3COxRnhHY,https://www.youtube.com/watch?v=3Y3COxRnhHY&t=1628,6,1628,1687,आप हर सवाल का इतनी तेज़ी से जवाब कैसे देते हैं?
3Y3COxRnhHY,https://www.youtube.com/watch?v=3Y3COxRnhHY,https://www.youtube.com/watch?v=3Y3COxRnhHY&t=1687,7,1687,2096,"नाम-जप भगवान के मानस पटल पर छाए रहें, इसके लिए क्या करूँ?"
qCv6fdqnwlM,https://www.youtube.com/watch?v=qCv6fdqnwlM,https://www.youtube.com/watch?v=qCv6fdqnwlM&t=0,1,0,173,राधा नाम
qCv6fdqnwlM,https://www.youtube.com/watch?v=qCv6fdqnwlM,https://www.youtube.com/watch?v=qCv6fdqnwlM&t=173,2,173,484,"3 साल तक श्मशान साधना की, अब वे चीज़ें मेरा पीछा नहीं छोड़ रहीं।"
qCv6fdqnwlM,https://www.youtube.com/watch?v=qCv6fdqnwlM,https://www.youtube.com/watch?v=qCv6fdqnwlM&t=484,3,484,721,"जोई-जोई प्यारौ करे सोई मोहि भावै, यह जीवन में कैसे उतरे?"
qCv6fdqnwlM,https://www.youtube.com/watch?v=qCv6fdqnwlM,https://www.youtube.com/watch?v=qCv6fdqnwlM&t=721,4,721,1059,"किसी साधक को भगवान की प्राप्ति होगी या नहीं, यह कैसे पता चलेगा?"
qCv6fdqnwlM,https://www.youtube.com/watch?v=qCv6fdqnwlM,https://www.youtube.com/watch?v=qCv6fdqnwlM&t=1059,5,1059,1247,"जैसी श्रद्धा-समर्पण आपके अपने गुरु के प्रति है, वह हम साधकों के अंदर कैसे आए?"
qCv6fdqnwlM,https://www.youtube.com/watch?v=qCv6fdqnwlM,https://www.youtube.com/watch?v=qCv6fdqnwlM&t=1247,6,1247,1392,कभी-कभी 24 से 36 घंटे ड्यूटी में रहना पड़ता है; ऐसे में भजन और दिनचर्या कैसे करें?
qCv6fdqnwlM,https://www.youtube.com/watch?v=qCv6fdqnwlM,https://www.youtube.com/watch?v=qCv6fdqnwlM&t=1392,7,1392,1763,प्रभु के साक्षात् दर्शन कब और कैसे होते हैं?
qCv6fdqnwlM,https://www.youtube.com/watch?v=qCv6fdqnwlM,https://www.youtube.com/watch?v=qCv6fdqnwlM&t=1763,8,1763,2146,आजकल बच्चे प्रेम-संबंध में धोखा मिलने पर उससे बाहर नहीं आ पाते ऐसे में क्या करें?
4uWOa7JNRYI,https://www.youtube.com/watch?v=4uWOa7JNRYI,https://www.youtube.com/watch?v=4uWOa7JNRYI&t=0,1,0,174,राधा नाम
4uWOa7JNRYI,https://www.youtube.com/watch?v=4uWOa7JNRYI,https://www.youtube.com/watch?v=4uWOa7JNRYI&t=174,2,174,295,मैं भगवान से मिलकर उनसे वार्तालाप करना चाहता हूँ।
4uWOa7JNRYI,https://www.youtube.com/watch?v=4uWOa7JNRYI,https://www.youtube.com/watch?v=4uWOa7JNRYI&t=295,3,295,446,क्या अन्य देवों को नमन करना अनन्यता के विरुद्ध है?
4uWOa7JNRYI,https://www.youtube.com/watch?v=4uWOa7JNRYI,https://www.youtube.com/watch?v=4uWOa7JNRYI&t=446,4,446,563,पूर्ण शरणागति के क्या लक्षण हैं?
4uWOa7JNRYI,https://www.youtube.com/watch?v=4uWOa7JNRYI,https://www.youtube.com/watch?v=4uWOa7JNRYI&t=563,5,563,635,क्या भगवान लोक और परलोक दोनों का योग-क्षेम करते हैं ?
4uWOa7JNRYI,https://www.youtube.com/watch?v=4uWOa7JNRYI,https://www.youtube.com/watch?v=4uWOa7JNRYI&t=635,6,635,854,संतों ने दुख को औषधि और सुख को रोग क्यों बताया है?
4uWOa7JNRYI,https://www.youtube.com/watch?v=4uWOa7JNRYI,https://www.youtube.com/watch?v=4uWOa7JNRYI&t=854,7,854,982,"किसी भी दुख से बाहर निकलने में बहुत समय लग जाता है, क्या करूं?"
4uWOa7JNRYI,https://www.youtube.com/watch?v=4uWOa7JNRYI,https://www.youtube.com/watch?v=4uWOa7JNRYI&t=982,8,982,1252,अध्यात्म की दृष्टि से दरिद्र कौन है और धनवान कौन है?
4uWOa7JNRYI,https://www.youtube.com/watch?v=4uWOa7JNRYI,https://www.youtube.com/watch?v=4uWOa7JNRYI&t=1252,9,1252,1562,"मन में आता है कि मैं कौन हूं, मरने के बाद क्या होगा और मैं यहां क्यों आया हूं?"
eRVW7Ixd9KI,https://www.youtube.com/watch?v=eRVW7Ixd9KI,https://www.youtube.com/watch?v=eRVW7Ixd9KI&t=0,1,0,179,राधा नाम
eRVW7Ixd9KI,https://www.youtube.com/watch?v=eRVW7Ixd9KI,https://www.youtube.com/watch?v=eRVW7Ixd9KI&t=179,2,179,266,राधा केलि कुंज में कौन सी चुंबक लगी है जिससे सब खिंचे चले आते हैं?
eRVW7Ixd9KI,https://www.youtube.com/watch?v=eRVW7Ixd9KI,https://www.youtube.com/watch?v=eRVW7Ixd9KI&t=266,3,266,343,धाम आना या संत समागम प्रारब्ध से होता है या कृपा से?
eRVW7Ixd9KI,https://www.youtube.com/watch?v=eRVW7Ixd9KI,https://www.youtube.com/watch?v=eRVW7Ixd9KI&t=343,4,343,472,अहंकार का नाश कैसे हो?
eRVW7Ixd9KI,https://www.youtube.com/watch?v=eRVW7Ixd9KI,https://www.youtube.com/watch?v=eRVW7Ixd9KI&t=472,5,472,539,श्रीजी के शरणागत होने का सबसे सरल उपाय क्या है?
eRVW7Ixd9KI,https://www.youtube.com/watch?v=eRVW7Ixd9KI,https://www.youtube.com/watch?v=eRVW7Ixd9KI&t=539,6,539,645,मन को काबू करने और भक्ति में लगाए रखने के लिए क्या करें?
eRVW7Ixd9KI,https://www.youtube.com/watch?v=eRVW7Ixd9KI,https://www.youtube.com/watch?v=eRVW7Ixd9KI&t=645,7,645,814,क्या महापुरुषों का जन्म भी कर्म-बंधन वश होता है?
eRVW7Ixd9KI,https://www.youtube.com/watch?v=eRVW7Ixd9KI,https://www.youtube.com/watch?v=eRVW7Ixd9KI&t=814,8,814,1077,भगवद प्राप्ति के लिए गुरु की आवश्यकता कितनी है?
eRVW7Ixd9KI,https://www.youtube.com/watch?v=eRVW7Ixd9KI,https://www.youtube.com/watch?v=eRVW7Ixd9KI&t=1077,9,1077,1155,बार-बार विषयों में फंस जाते हैं इससे कैसे बचें ?
eRVW7Ixd9KI,https://www.youtube.com/watch?v=eRVW7Ixd9KI,https://www.youtube.com/watch?v=eRVW7Ixd9KI&t=1155,10,1155,1255,मोह से कैसे छूटें?
eRVW7Ixd9KI,https://www.youtube.com/watch?v=eRVW7Ixd9KI,https://www.youtube.com/watch?v=eRVW7Ixd9KI&t=1255,11,1255,1510,नवीन युवावस्था में स्वयं को बाहरी काम आदि विकारों से कैसे बचाएं?
eRVW7Ixd9KI,https://www.youtube.com/watch?v=eRVW7Ixd9KI,https://www.youtube.com/watch?v=eRVW7Ixd9KI&t=1510,12,1510,1739,कब सहन करें और कब किस बात का जवाब दें?
eRVW7Ixd9KI,https://www.youtube.com/watch?v=eRVW7Ixd9KI,https://www.youtube.com/watch?v=eRVW7Ixd9KI&t=1739,13,1739,1925,"कृपा की अवहेलना न हो, इसके लिए क्या करें?"
cXfoOn5C-qU,https://www.youtube.com/watch?v=cXfoOn5C-qU,https://www.youtube.com/watch?v=cXfoOn5C-qU&t=0,1,0,173,राधा नाम
cXfoOn5C-qU,https://www.youtube.com/watch?v=cXfoOn5C-qU,https://www.youtube.com/watch?v=cXfoOn5C-qU&t=173,2,173,298,"लोग 'पतली' बोलकर मज़ाक उड़ाते हैं, तो मन टूट जाता है।"
cXfoOn5C-qU,https://www.youtube.com/watch?v=cXfoOn5C-qU,https://www.youtube.com/watch?v=cXfoOn5C-qU&t=298,3,298,616,"जैसे दान करने से धन बढ़ता है, क्या वैसे ही भजन देने से भी भजन बढ़ता है?"
cXfoOn5C-qU,https://www.youtube.com/watch?v=cXfoOn5C-qU,https://www.youtube.com/watch?v=cXfoOn5C-qU&t=616,4,616,1115,भय लगता है कि अंतिम समय भगवान का विस्मरण हो गया तो क्या होगा?
cXfoOn5C-qU,https://www.youtube.com/watch?v=cXfoOn5C-qU,https://www.youtube.com/watch?v=cXfoOn5C-qU&t=1115,5,1115,1308,"वही मन की आवाज़ भजन के लिए कहती है और वही टीवी देखने के लिए, तो आत्मा की आवाज़ कैसे पहचानें?"
cXfoOn5C-qU,https://www.youtube.com/watch?v=cXfoOn5C-qU,https://www.youtube.com/watch?v=cXfoOn5C-qU&t=1308,6,1308,1600,आपको प्राप्त करने के लिए कितना नाम जप करना पड़ेगा?
cXfoOn5C-qU,https://www.youtube.com/watch?v=cXfoOn5C-qU,https://www.youtube.com/watch?v=cXfoOn5C-qU&t=1600,7,1600,1780,"संसार प्रिय लगे तो विवाह कर लेना चाहिए, पर अब लगता है कि विवाह करके फंस गया हूँ!"
cXfoOn5C-qU,https://www.youtube.com/watch?v=cXfoOn5C-qU,https://www.youtube.com/watch?v=cXfoOn5C-qU&t=1780,8,1780,1904,गुरु और भगवान में क्या भेद है?
V656nuG_ziM,https://www.youtube.com/watch?v=V656nuG_ziM,https://www.youtube.com/watch?v=V656nuG_ziM&t=0,1,0,180,राधा नाम
V656nuG_ziM,https://www.youtube.com/watch?v=V656nuG_ziM,https://www.youtube.com/watch?v=V656nuG_ziM&t=180,2,180,470,"नशे की लत से सब उजड़ गया, अब सुधारना चाहता हूं।"
V656nuG_ziM,https://www.youtube.com/watch?v=V656nuG_ziM,https://www.youtube.com/watch?v=V656nuG_ziM&t=470,3,470,677,साधना में व्यभिचार का क्या मतलब है?
V656nuG_ziM,https://www.youtube.com/watch?v=V656nuG_ziM,https://www.youtube.com/watch?v=V656nuG_ziM&t=677,4,677,772,क्रोध और आवेश में क्या अंतर है?
V656nuG_ziM,https://www.youtube.com/watch?v=V656nuG_ziM,https://www.youtube.com/watch?v=V656nuG_ziM&t=772,5,772,936,मन निर्मल कैसे हो?
V656nuG_ziM,https://www.youtube.com/watch?v=V656nuG_ziM,https://www.youtube.com/watch?v=V656nuG_ziM&t=936,6,936,987,क्या हमें अन्य योनियों के कर्म भी भोगने पड़ते हैं?
V656nuG_ziM,https://www.youtube.com/watch?v=V656nuG_ziM,https://www.youtube.com/watch?v=V656nuG_ziM&t=987,7,987,1699,सत्संग !
V656nuG_ziM,https://www.youtube.com/watch?v=V656nuG_ziM,https://www.youtube.com/watch?v=V656nuG_ziM&t=1699,8,1699,1832,"भगवान तो दयालु हैं, फिर सबको मोक्ष देकर नरक से क्यों नहीं बचाते?"
V656nuG_ziM,https://www.youtube.com/watch?v=V656nuG_ziM,https://www.youtube.com/watch?v=V656nuG_ziM&t=1832,9,1832,2033,लोगों के विचारों से बहुत जल्दी प्रभावित हो जाता हूँ !
V656nuG_ziM,https://www.youtube.com/watch?v=V656nuG_ziM,https://www.youtube.com/watch?v=V656nuG_ziM&t=2033,10,2033,2443,"महाराज जी, प्रेम का आनंद कैसा होता है?"
OA3iTRGx1Sw,https://www.youtube.com/watch?v=OA3iTRGx1Sw,https://www.youtube.com/watch?v=OA3iTRGx1Sw&t=0,1,0,12,<Untitled Chapter 1>
OA3iTRGx1Sw,https://www.youtube.com/watch?v=OA3iTRGx1Sw,https://www.youtube.com/watch?v=OA3iTRGx1Sw&t=12,2,12,393,"मुझे एक गंभीर बीमारी है, जिससे मन भजन में नहीं लगता।"
OA3iTRGx1Sw,https://www.youtube.com/watch?v=OA3iTRGx1Sw,https://www.youtube.com/watch?v=OA3iTRGx1Sw&t=393,3,393,471,"भगवद प्राप्ति तो श्रीजी की कृपा से होगी, पर अंदर से साधन करने की चाह बनी रहती है।"
OA3iTRGx1Sw,https://www.youtube.com/watch?v=OA3iTRGx1Sw,https://www.youtube.com/watch?v=OA3iTRGx1Sw&t=471,4,471,585,सच्चे मन से भक्ति करनी चाहिए तो 'सच्चा मन' क्या होता है?
OA3iTRGx1Sw,https://www.youtube.com/watch?v=OA3iTRGx1Sw,https://www.youtube.com/watch?v=OA3iTRGx1Sw&t=585,5,585,687,संग-दोष से कैसे बचें?
OA3iTRGx1Sw,https://www.youtube.com/watch?v=OA3iTRGx1Sw,https://www.youtube.com/watch?v=OA3iTRGx1Sw&t=687,6,687,840,साधक के लिए सबसे घातक अपराध कौन सा है जिससे उसकी भक्ति नष्ट हो जाती है?
OA3iTRGx1Sw,https://www.youtube.com/watch?v=OA3iTRGx1Sw,https://www.youtube.com/watch?v=OA3iTRGx1Sw&t=840,7,840,1014,प्रतिकूलता मिलने पर साधक को कैसा व्यवहार करना चाहिए ?
OA3iTRGx1Sw,https://www.youtube.com/watch?v=OA3iTRGx1Sw,https://www.youtube.com/watch?v=OA3iTRGx1Sw&t=1014,8,1014,1089,"अगर किसी साधक के गुरुजी अंतर्ध्यान हो जाएं, तो वह क्या करे?"
OA3iTRGx1Sw,https://www.youtube.com/watch?v=OA3iTRGx1Sw,https://www.youtube.com/watch?v=OA3iTRGx1Sw&t=1089,9,1089,1266,एक गृहस्थ त्याग और संग्रह का संतुलन कैसे बनाए ?
OA3iTRGx1Sw,https://www.youtube.com/watch?v=OA3iTRGx1Sw,https://www.youtube.com/watch?v=OA3iTRGx1Sw&t=1266,10,1266,2157,सच्चा समर्पण क्या है?
9c4VLtAPeGg,https://www.youtube.com/watch?v=9c4VLtAPeGg,https://www.youtube.com/watch?v=9c4VLtAPeGg&t=0,1,0,180,राधा नाम
9c4VLtAPeGg,https://www.youtube.com/watch?v=9c4VLtAPeGg,https://www.youtube.com/watch?v=9c4VLtAPeGg&t=180,2,180,330,"किसी से गहरी आसक्ति हो जाए पर वह हमसे दूर हो जाए, तो क्या करें?"
9c4VLtAPeGg,https://www.youtube.com/watch?v=9c4VLtAPeGg,https://www.youtube.com/watch?v=9c4VLtAPeGg&t=330,3,330,520,शरणागत यह कैसे पहचाने कि आया हुआ सहायक प्रभु ने भेजा है या माया ने?
9c4VLtAPeGg,https://www.youtube.com/watch?v=9c4VLtAPeGg,https://www.youtube.com/watch?v=9c4VLtAPeGg&t=520,4,520,674,"अगर हम सब प्रभु के बच्चे हैं, तो भगवान ने काम-क्रोध आदि को प्राथमिकता क्यों दी है?"
9c4VLtAPeGg,https://www.youtube.com/watch?v=9c4VLtAPeGg,https://www.youtube.com/watch?v=9c4VLtAPeGg&t=674,5,674,798,"आत्मा, परमात्मा, ब्रह्म और परब्रह्म ये सब क्या हैं?"
9c4VLtAPeGg,https://www.youtube.com/watch?v=9c4VLtAPeGg,https://www.youtube.com/watch?v=9c4VLtAPeGg&t=798,6,798,941,क्या भगवद प्राप्ति के लिए नाम जप ही सर्वस्व है?
9c4VLtAPeGg,https://www.youtube.com/watch?v=9c4VLtAPeGg,https://www.youtube.com/watch?v=9c4VLtAPeGg&t=941,7,941,1251,संत्संग।
9c4VLtAPeGg,https://www.youtube.com/watch?v=9c4VLtAPeGg,https://www.youtube.com/watch?v=9c4VLtAPeGg&t=1251,8,1251,1429,हमें भगवान से मोक्ष मांगना चाहिए या बार-बार जन्म लेकर प्रभु की भक्ति?
9c4VLtAPeGg,https://www.youtube.com/watch?v=9c4VLtAPeGg,https://www.youtube.com/watch?v=9c4VLtAPeGg&t=1429,9,1429,1562,गीता जी में भगवान किस धर्म को त्यागने के लिए कह रहे हैं?
9c4VLtAPeGg,https://www.youtube.com/watch?v=9c4VLtAPeGg,https://www.youtube.com/watch?v=9c4VLtAPeGg&t=1562,10,1562,1633,"हनुमान जी की कृपा का बहुत बार अनुभव हुआ, मैं उनका शुक्रिया कैसे करूं?"
9c4VLtAPeGg,https://www.youtube.com/watch?v=9c4VLtAPeGg,https://www.youtube.com/watch?v=9c4VLtAPeGg&t=1633,11,1633,1868,"मैं शरीर नहीं हूँ, इसकी अनुभूति कैसे हो?"
bhi3V3vdLBM,https://www.youtube.com/watch?v=bhi3V3vdLBM,https://www.youtube.com/watch?v=bhi3V3vdLBM&t=0,1,0,179,राधा नाम
bhi3V3vdLBM,https://www.youtube.com/watch?v=bhi3V3vdLBM,https://www.youtube.com/watch?v=bhi3V3vdLBM&t=179,2,179,305,आप जीवन में सबसे ज्यादा आनंदित कब हुए थे?
bhi3V3vdLBM,https://www.youtube.com/watch?v=bhi3V3vdLBM,https://www.youtube.com/watch?v=bhi3V3vdLBM&t=305,3,305,419,"हमें भक्ति, पूजा कड़े नियमों के साथ करनी चाहिए या सरलता से?"
bhi3V3vdLBM,https://www.youtube.com/watch?v=bhi3V3vdLBM,https://www.youtube.com/watch?v=bhi3V3vdLBM&t=419,4,419,538,"मुझसे व्यभिचार आदि दोष हो गए, अब निकलना चाहती हूं। क्या करूं?"
bhi3V3vdLBM,https://www.youtube.com/watch?v=bhi3V3vdLBM,https://www.youtube.com/watch?v=bhi3V3vdLBM&t=538,5,538,1988,सत्संग!
bhi3V3vdLBM,https://www.youtube.com/watch?v=bhi3V3vdLBM,https://www.youtube.com/watch?v=bhi3V3vdLBM&t=1988,6,1988,2084,भगवान तक पहुँचने की सबसे बड़ी बाधा क्या है?
bhi3V3vdLBM,https://www.youtube.com/watch?v=bhi3V3vdLBM,https://www.youtube.com/watch?v=bhi3V3vdLBM&t=2084,7,2084,2227,भक्तनामावली में इन पंक्तियों का क्या अर्थ है?
bhi3V3vdLBM,https://www.youtube.com/watch?v=bhi3V3vdLBM,https://www.youtube.com/watch?v=bhi3V3vdLBM&t=2227,8,2227,2384,"सत्संग सुनते समय तो वैराग्य आता है, पर फिर वापस संसार सत्य क्यों लगने लगता है?"
bhi3V3vdLBM,https://www.youtube.com/watch?v=bhi3V3vdLBM,https://www.youtube.com/watch?v=bhi3V3vdLBM&t=2384,9,2384,2531,"भजन करते रहे, पर मृत्यु के समय भूल गए तो क्या होगा?"
GEUd_p5zrco,https://www.youtube.com/watch?v=GEUd_p5zrco,https://www.youtube.com/watch?v=GEUd_p5zrco&t=0,1,0,176,राधा नाम
GEUd_p5zrco,https://www.youtube.com/watch?v=GEUd_p5zrco,https://www.youtube.com/watch?v=GEUd_p5zrco&t=176,2,176,947,"प्रतिकूलता के कारण जिसने भजन छोड़ दिया, उसकी क्या गति होगी?"
GEUd_p5zrco,https://www.youtube.com/watch?v=GEUd_p5zrco,https://www.youtube.com/watch?v=GEUd_p5zrco&t=947,3,947,1135,"भगवान हमसे प्रसन्न हैं, इसका क्या प्रमाण है?"
GEUd_p5zrco,https://www.youtube.com/watch?v=GEUd_p5zrco,https://www.youtube.com/watch?v=GEUd_p5zrco&t=1135,4,1135,1235,किन बातों का ध्यान रखें जिससे हमारे पुण्य नष्ट न हों और नाम में रुचि बनी रहे?
GEUd_p5zrco,https://www.youtube.com/watch?v=GEUd_p5zrco,https://www.youtube.com/watch?v=GEUd_p5zrco&t=1235,5,1235,1361,प्रेम प्राप्त करने के लिए क्या करना पड़ेगा?
GEUd_p5zrco,https://www.youtube.com/watch?v=GEUd_p5zrco,https://www.youtube.com/watch?v=GEUd_p5zrco&t=1361,6,1361,1603,क्या बिना मन लगे नाम जप करने का कोई फल नहीं है?
GEUd_p5zrco,https://www.youtube.com/watch?v=GEUd_p5zrco,https://www.youtube.com/watch?v=GEUd_p5zrco&t=1603,7,1603,1880,स्कूल के बच्चों को महाराज जी का उपदेश और एक मां का अपनी बेटी के लिए प्रश्न!
GEUd_p5zrco,https://www.youtube.com/watch?v=GEUd_p5zrco,https://www.youtube.com/watch?v=GEUd_p5zrco&t=1880,8,1880,2130,"कर्म ही सब कुछ है, तो क्या बिना पूजा-पाठ के भी भगवद प्राप्ति हो सकती है?"
FoMP32N036A,https://www.youtube.com/watch?v=FoMP32N036A,https://www.youtube.com/watch?v=FoMP32N036A&t=0,1,0,178,राधा नाम
FoMP32N036A,https://www.youtube.com/watch?v=FoMP32N036A,https://www.youtube.com/watch?v=FoMP32N036A&t=178,2,178,299,क्या बिना सफलता प्राप्त किए भी संतुष्टि हो सकती है?
FoMP32N036A,https://www.youtube.com/watch?v=FoMP32N036A,https://www.youtube.com/watch?v=FoMP32N036A&t=299,3,299,417,केवल श्रीजी से अपनापन कैसे हो?
FoMP32N036A,https://www.youtube.com/watch?v=FoMP32N036A,https://www.youtube.com/watch?v=FoMP32N036A&t=417,4,417,536,जीवन में सच्चा आनंद और शरणागति कब आती है?
FoMP32N036A,https://www.youtube.com/watch?v=FoMP32N036A,https://www.youtube.com/watch?v=FoMP32N036A&t=536,5,536,649,बिल्ली के बच्चे जैसी शरणागति कैसे आए?
FoMP32N036A,https://www.youtube.com/watch?v=FoMP32N036A,https://www.youtube.com/watch?v=FoMP32N036A&t=649,6,649,891,"अगर गुरु कच्चा हो, तो जीव का उद्धार कैसे होगा?"
FoMP32N036A,https://www.youtube.com/watch?v=FoMP32N036A,https://www.youtube.com/watch?v=FoMP32N036A&t=891,7,891,1043,"अगर हमारा लक्ष्य भगवत्प्राप्ति है, तो जीव संसार में क्यों फंसता रहता है?"
FoMP32N036A,https://www.youtube.com/watch?v=FoMP32N036A,https://www.youtube.com/watch?v=FoMP32N036A&t=1043,8,1043,1638,सत्संग
FoMP32N036A,https://www.youtube.com/watch?v=FoMP32N036A,https://www.youtube.com/watch?v=FoMP32N036A&t=1638,9,1638,1931,"यदि भक्तों से चित्रकूट आदि धाम में कोई अपराध हो जाए, तो उसका निवारण कैसे हो?"
FoMP32N036A,https://www.youtube.com/watch?v=FoMP32N036A,https://www.youtube.com/watch?v=FoMP32N036A&t=1931,10,1931,2348,गृहस्थ में भजन करने का सबसे सरल उपाय।
1LtxpS-8OPg,https://www.youtube.com/watch?v=1LtxpS-8OPg,https://www.youtube.com/watch?v=1LtxpS-8OPg&t=0,1,0,175,राधा नाम
1LtxpS-8OPg,https://www.youtube.com/watch?v=1LtxpS-8OPg,https://www.youtube.com/watch?v=1LtxpS-8OPg&t=175,2,175,1630,भगवान ने हंस रूप में अवतार क्यों लिया?
1LtxpS-8OPg,https://www.youtube.com/watch?v=1LtxpS-8OPg,https://www.youtube.com/watch?v=1LtxpS-8OPg&t=1630,3,1630,1735,"जानते हुए भी कि भोगों में सुख नहीं है, फिर भी मन में भोगों की लालसा क्यों बनी रहती है?"
1LtxpS-8OPg,https://www.youtube.com/watch?v=1LtxpS-8OPg,https://www.youtube.com/watch?v=1LtxpS-8OPg&t=1735,4,1735,2041,क्या आपको कभी माँ भगवती का अनुभव हुआ है?
1LtxpS-8OPg,https://www.youtube.com/watch?v=1LtxpS-8OPg,https://www.youtube.com/watch?v=1LtxpS-8OPg&t=2041,5,2041,2533,क्या पूर्ण शरणागत या सिद्ध महापुरुषों में भी काम-क्रोध का प्रभाव पड़ सकता है?
hCi0BNRJc_o,https://www.youtube.com/watch?v=hCi0BNRJc_o,https://www.youtube.com/watch?v=hCi0BNRJc_o&t=0,1,0,174,राधा नाम
hCi0BNRJc_o,https://www.youtube.com/watch?v=hCi0BNRJc_o,https://www.youtube.com/watch?v=hCi0BNRJc_o&t=174,2,174,380,क्या सब कुछ छोड़ दूँ ?
hCi0BNRJc_o,https://www.youtube.com/watch?v=hCi0BNRJc_o,https://www.youtube.com/watch?v=hCi0BNRJc_o&t=380,3,380,721,"महाराज जी, भूत दिखते कैसे हैं?"
hCi0BNRJc_o,https://www.youtube.com/watch?v=hCi0BNRJc_o,https://www.youtube.com/watch?v=hCi0BNRJc_o&t=721,4,721,865,सबसे बड़ा ज्ञान क्या है और सबसे बड़ी माया क्या है?
hCi0BNRJc_o,https://www.youtube.com/watch?v=hCi0BNRJc_o,https://www.youtube.com/watch?v=hCi0BNRJc_o&t=865,5,865,1200,हरि-गुरु में ऐसी आसक्ति कैसे हो कि उनके चरणों में मन लगा रहे?
hCi0BNRJc_o,https://www.youtube.com/watch?v=hCi0BNRJc_o,https://www.youtube.com/watch?v=hCi0BNRJc_o&t=1200,6,1200,1295,श्रीकृष्ण के प्रिय अर्जुन जैसा बनने के लिए हमें क्या करना चाहिए?
hCi0BNRJc_o,https://www.youtube.com/watch?v=hCi0BNRJc_o,https://www.youtube.com/watch?v=hCi0BNRJc_o&t=1295,7,1295,1431,कौन से लक्षण हैं जिनसे हमें पता चलेगा कि हम निश्चित ही श्रीजी के पास जाएंगे?
hCi0BNRJc_o,https://www.youtube.com/watch?v=hCi0BNRJc_o,https://www.youtube.com/watch?v=hCi0BNRJc_o&t=1431,8,1431,1480,आपकी तरह निर्मोही प्रेम सबसे कैसे हो?
hCi0BNRJc_o,https://www.youtube.com/watch?v=hCi0BNRJc_o,https://www.youtube.com/watch?v=hCi0BNRJc_o&t=1480,9,1480,1560,जीवन को किस भाव से जीना चाहिए कि जिससे कर्मबंधन में न फंसें?
hCi0BNRJc_o,https://www.youtube.com/watch?v=hCi0BNRJc_o,https://www.youtube.com/watch?v=hCi0BNRJc_o&t=1560,10,1560,1732,सुख और शांति की चाह क्यों होती है?
hCi0BNRJc_o,https://www.youtube.com/watch?v=hCi0BNRJc_o,https://www.youtube.com/watch?v=hCi0BNRJc_o&t=1732,11,1732,2215,सत्संग
hCi0BNRJc_o,https://www.youtube.com/watch?v=hCi0BNRJc_o,https://www.youtube.com/watch?v=hCi0BNRJc_o&t=2215,12,2215,2510,ऐसा क्या करें कि कभी गुरु-आज्ञा का उल्लंघन न हो?
hCi0BNRJc_o,https://www.youtube.com/watch?v=hCi0BNRJc_o,https://www.youtube.com/watch?v=hCi0BNRJc_o&t=2510,13,2510,2872,"कण-कण में ईश्वर का वास है, तो मंदिर में जाने पर एक अलग अनुभूति क्यों होती है?"
9UL262sbA_I,https://www.youtube.com/watch?v=9UL262sbA_I,https://www.youtube.com/watch?v=9UL262sbA_I&t=0,1,0,156,राधा नाम
9UL262sbA_I,https://www.youtube.com/watch?v=9UL262sbA_I,https://www.youtube.com/watch?v=9UL262sbA_I&t=156,2,156,700,मन की शांति क्या है और उसे कैसे प्राप्त करें?
9UL262sbA_I,https://www.youtube.com/watch?v=9UL262sbA_I,https://www.youtube.com/watch?v=9UL262sbA_I&t=700,3,700,798,सेवा और नाम जप में किसका महत्व ज्यादा है?
9UL262sbA_I,https://www.youtube.com/watch?v=9UL262sbA_I,https://www.youtube.com/watch?v=9UL262sbA_I&t=798,4,798,1018,आप कहते हैं यहां कोई चमत्कार नहीं होता।
9UL262sbA_I,https://www.youtube.com/watch?v=9UL262sbA_I,https://www.youtube.com/watch?v=9UL262sbA_I&t=1018,5,1018,1872,क्या भगवान का अवतार मायाकृत है?
9UL262sbA_I,https://www.youtube.com/watch?v=9UL262sbA_I,https://www.youtube.com/watch?v=9UL262sbA_I&t=1872,6,1872,2043,"आपने पूज्य राजेंद्र दास जी महाराज से कहा था कि आपको इन दो बातों की बहुत जरूरत थी, ऐसा क्यों?"
9UL262sbA_I,https://www.youtube.com/watch?v=9UL262sbA_I,https://www.youtube.com/watch?v=9UL262sbA_I&t=2043,7,2043,2321,"क्या जितनी गुरु आज्ञा है उतनी माला ही जप करनी चाहिए, या उससे ज्यादा भी कर सकते हैं?"
9UL262sbA_I,https://www.youtube.com/watch?v=9UL262sbA_I,https://www.youtube.com/watch?v=9UL262sbA_I&t=2321,8,2321,2623,"जिनसे भी हमें सुख या दुख मिलता है, क्या वह हमारा पूर्व जन्म का रिश्ता होता है?"
9UL262sbA_I,https://www.youtube.com/watch?v=9UL262sbA_I,https://www.youtube.com/watch?v=9UL262sbA_I&t=2623,9,2623,2949,"दोष-दर्शन नहीं करना चाहते हैं, पर फिर भी दोष-दर्शन हो जाता है।"
9UL262sbA_I,https://www.youtube.com/watch?v=9UL262sbA_I,https://www.youtube.com/watch?v=9UL262sbA_I&t=2949,10,2949,3174,अगर कोई अपनी कमियां जानते हुए भी उन्हें छोड़ नहीं पा रहा हो तो क्या करे?
CCuK2l1Xihs,https://www.youtube.com/watch?v=CCuK2l1Xihs,https://www.youtube.com/watch?v=CCuK2l1Xihs&t=0,1,0,175,राधा नाम
CCuK2l1Xihs,https://www.youtube.com/watch?v=CCuK2l1Xihs,https://www.youtube.com/watch?v=CCuK2l1Xihs&t=175,2,175,434,आपके जैसे चमकने के लिए कितना भजन करना पड़ेगा?
CCuK2l1Xihs,https://www.youtube.com/watch?v=CCuK2l1Xihs,https://www.youtube.com/watch?v=CCuK2l1Xihs&t=434,3,434,495,"हम भक्ति के किस चरण पर हैं, कैसे पता चलेगा?"
CCuK2l1Xihs,https://www.youtube.com/watch?v=CCuK2l1Xihs,https://www.youtube.com/watch?v=CCuK2l1Xihs&t=495,4,495,606,अपने आंतरिक स्वरूप को कैसे पहचानें?
CCuK2l1Xihs,https://www.youtube.com/watch?v=CCuK2l1Xihs,https://www.youtube.com/watch?v=CCuK2l1Xihs&t=606,5,606,749,"मेरा मन बहुत चंचल है और क्रोध भी बहुत आता है, क्या करूं?"
CCuK2l1Xihs,https://www.youtube.com/watch?v=CCuK2l1Xihs,https://www.youtube.com/watch?v=CCuK2l1Xihs&t=749,6,749,950,"शरणागत मंत्र, राधा नाम, हरिवंश नाम या राधावल्लभ श्री हरिवंश नाम में से क्या जपें?"
CCuK2l1Xihs,https://www.youtube.com/watch?v=CCuK2l1Xihs,https://www.youtube.com/watch?v=CCuK2l1Xihs&t=950,7,950,1855,कुसंग का त्याग।
CCuK2l1Xihs,https://www.youtube.com/watch?v=CCuK2l1Xihs,https://www.youtube.com/watch?v=CCuK2l1Xihs&t=1855,8,1855,2137,क्या प्रभु कृपा से हमें गुरुदेव मिलते हैं या हमें खुद ही गुरुदेव की खोज करनी पड़ती है?
CCuK2l1Xihs,https://www.youtube.com/watch?v=CCuK2l1Xihs,https://www.youtube.com/watch?v=CCuK2l1Xihs&t=2137,9,2137,2422,"सब राम जी की इच्छा से ही होना है, तो क्या हम कुछ न करें?"
XwAuKS2Bsgg,https://www.youtube.com/watch?v=XwAuKS2Bsgg,https://www.youtube.com/watch?v=XwAuKS2Bsgg&t=0,1,0,165,राधा नाम
XwAuKS2Bsgg,https://www.youtube.com/watch?v=XwAuKS2Bsgg,https://www.youtube.com/watch?v=XwAuKS2Bsgg&t=165,2,165,1569,यह एक सत्संग तुम्हारा सारा भ्रम नष्ट कर देगा।
XwAuKS2Bsgg,https://www.youtube.com/watch?v=XwAuKS2Bsgg,https://www.youtube.com/watch?v=XwAuKS2Bsgg&t=1569,3,1569,1660,मन का स्वरूप जड़ है या चैतन्य?
XwAuKS2Bsgg,https://www.youtube.com/watch?v=XwAuKS2Bsgg,https://www.youtube.com/watch?v=XwAuKS2Bsgg&t=1660,4,1660,2425,"क्या भगवान को पाने की इच्छा भी एक इच्छा है, जिसे हमें त्यागना होगा?"
cPEs6EDVKrg,https://www.youtube.com/watch?v=cPEs6EDVKrg,https://www.youtube.com/watch?v=cPEs6EDVKrg&t=0,1,0,21,<Untitled Chapter 1>
cPEs6EDVKrg,https://www.youtube.com/watch?v=cPEs6EDVKrg,https://www.youtube.com/watch?v=cPEs6EDVKrg&t=21,2,21,149,भगवान एक ही बार में करोड़ों लोगों के मन की कैसे सुन लेते हैं?
cPEs6EDVKrg,https://www.youtube.com/watch?v=cPEs6EDVKrg,https://www.youtube.com/watch?v=cPEs6EDVKrg&t=149,3,149,376,"भोग भोगते समय तो मज़ा आता है, पर बाद में जलन होती है।"
cPEs6EDVKrg,https://www.youtube.com/watch?v=cPEs6EDVKrg,https://www.youtube.com/watch?v=cPEs6EDVKrg&t=376,4,376,503,"आपने तो शिवजी को देखा है तो वो कैसे दिखते हैं महाराज जी, क्या वो Cute हैं ?"
cPEs6EDVKrg,https://www.youtube.com/watch?v=cPEs6EDVKrg,https://www.youtube.com/watch?v=cPEs6EDVKrg&t=503,5,503,800,प्रेम की सही व्याख्या क्या है?
cPEs6EDVKrg,https://www.youtube.com/watch?v=cPEs6EDVKrg,https://www.youtube.com/watch?v=cPEs6EDVKrg&t=800,6,800,971,कितना भी सुनलो पर मन वहीं गिरा देता है !
cPEs6EDVKrg,https://www.youtube.com/watch?v=cPEs6EDVKrg,https://www.youtube.com/watch?v=cPEs6EDVKrg&t=971,7,971,1281,"यदि व्यक्ति का प्रारब्ध उसके कर्मों पर निर्भर करता है, तो पूरे राष्ट्र का प्रारब्ध किस पर निर्भर करता है?"
cPEs6EDVKrg,https://www.youtube.com/watch?v=cPEs6EDVKrg,https://www.youtube.com/watch?v=cPEs6EDVKrg&t=1281,8,1281,1705,क्या गृहस्थ जीवन में कारोबार करते हुए भगवत-प्राप्ति संभव है?
cPEs6EDVKrg,https://www.youtube.com/watch?v=cPEs6EDVKrg,https://www.youtube.com/watch?v=cPEs6EDVKrg&t=1705,9,1705,2010,क्या कोई ऐसी स्थिति भी होती है जिसमें भगवान को भी त्यागना पड़ता है?
cPEs6EDVKrg,https://www.youtube.com/watch?v=cPEs6EDVKrg,https://www.youtube.com/watch?v=cPEs6EDVKrg&t=2010,10,2010,2315,सब कुछ भगवान कर रहे हैं तो नाम जप क्यों करें ?
cPEs6EDVKrg,https://www.youtube.com/watch?v=cPEs6EDVKrg,https://www.youtube.com/watch?v=cPEs6EDVKrg&t=2315,11,2315,2589,मन में नाम लिखकर जप करना कितना श्रेष्ठ है?
cPEs6EDVKrg,https://www.youtube.com/watch?v=cPEs6EDVKrg,https://www.youtube.com/watch?v=cPEs6EDVKrg&t=2589,12,2589,2741,"क्या गुरु के लीला-चिंतन में ही शिष्य का प्रवेश होता है, या शिष्य का अलग लीला चिंतन होता है?"
cPEs6EDVKrg,https://www.youtube.com/watch?v=cPEs6EDVKrg,https://www.youtube.com/watch?v=cPEs6EDVKrg&t=2741,13,2741,2895,भगवत-प्राप्ति के मार्ग पर सही चलने पर कौन से संकेत दिखेंगे?
FaOOPMnjb6s,https://www.youtube.com/watch?v=FaOOPMnjb6s,https://www.youtube.com/watch?v=FaOOPMnjb6s&t=0,1,0,16,<Untitled Chapter 1>
FaOOPMnjb6s,https://www.youtube.com/watch?v=FaOOPMnjb6s,https://www.youtube.com/watch?v=FaOOPMnjb6s&t=16,2,16,390,जन्मोत्सव पर महाराज जी का सब को संदेश!
FaOOPMnjb6s,https://www.youtube.com/watch?v=FaOOPMnjb6s,https://www.youtube.com/watch?v=FaOOPMnjb6s&t=390,3,390,771,"जितना भक्ति में आगे बढ़ना चाहते हैं, उतनी ही प्रतिकूलताएँ और विपत्तियाँ रास्ता रोकने लगती हैं।"
FaOOPMnjb6s,https://www.youtube.com/watch?v=FaOOPMnjb6s,https://www.youtube.com/watch?v=FaOOPMnjb6s&t=771,4,771,990,ऐसा क्या करूँ कि आपकी सेवा बन जाए ?
FaOOPMnjb6s,https://www.youtube.com/watch?v=FaOOPMnjb6s,https://www.youtube.com/watch?v=FaOOPMnjb6s&t=990,5,990,1190,कमाई का कितना हिस्सा धर्म में लगाना चाहिए?
FaOOPMnjb6s,https://www.youtube.com/watch?v=FaOOPMnjb6s,https://www.youtube.com/watch?v=FaOOPMnjb6s&t=1190,6,1190,1483,संत भगवान ने पूछा अगर गोपियों को तत्व बोध था तो उन्हें श्रीकृष्ण के विरह का अनुभव क्यों हुआ?
FaOOPMnjb6s,https://www.youtube.com/watch?v=FaOOPMnjb6s,https://www.youtube.com/watch?v=FaOOPMnjb6s&t=1483,7,1483,1706,हमारी आत्मा को परमात्मा की प्राप्ति हो गई यह कैसे पता चलेगा?
FaOOPMnjb6s,https://www.youtube.com/watch?v=FaOOPMnjb6s,https://www.youtube.com/watch?v=FaOOPMnjb6s&t=1706,8,1706,2231,जीवनसाथी का चयन करते समय किन-किन बातों का ध्यान रखना चाहिए?
FaOOPMnjb6s,https://www.youtube.com/watch?v=FaOOPMnjb6s,https://www.youtube.com/watch?v=FaOOPMnjb6s&t=2231,9,2231,2602,"जब इन्द्रियों की वासना कम होने लगे, तो साधक को आगे क्या करना चाहिए?"
FaOOPMnjb6s,https://www.youtube.com/watch?v=FaOOPMnjb6s,https://www.youtube.com/watch?v=FaOOPMnjb6s&t=2602,10,2602,3251,आत्मकल्याण का सबसे सरल साधन क्या है?
QphRewyKHlM,https://www.youtube.com/watch?v=QphRewyKHlM,https://www.youtube.com/watch?v=QphRewyKHlM&t=0,1,0,17,Intro
QphRewyKHlM,https://www.youtube.com/watch?v=QphRewyKHlM,https://www.youtube.com/watch?v=QphRewyKHlM&t=17,2,17,382,जन्मोत्सव पर महाराज जी का सब को संदेश!
QphRewyKHlM,https://www.youtube.com/watch?v=QphRewyKHlM,https://www.youtube.com/watch?v=QphRewyKHlM&t=382,3,382,620,"गलत चीजें छोड़कर अच्छे मार्ग पर चलने का प्रयास कर रहा हूँ, पर थक गया हूँ।"
QphRewyKHlM,https://www.youtube.com/watch?v=QphRewyKHlM,https://www.youtube.com/watch?v=QphRewyKHlM&t=620,4,620,891,"यदि पति-पत्नी भगवत मार्ग पर चलना चाहते हैं, तो क्या बच्चे पैदा करना आवश्यक है?"
QphRewyKHlM,https://www.youtube.com/watch?v=QphRewyKHlM,https://www.youtube.com/watch?v=QphRewyKHlM&t=891,5,891,1353,"कर्म क्या है, और क्या कर्मों का फल भगवान तय करते हैं?"
QphRewyKHlM,https://www.youtube.com/watch?v=QphRewyKHlM,https://www.youtube.com/watch?v=QphRewyKHlM&t=1353,6,1353,1617,"मुसीबत में आपका ध्यान करते हैं तो बल मिलता है। जब आप नहीं होंगे, तो यह बल कैसे मिलेगा?"
QphRewyKHlM,https://www.youtube.com/watch?v=QphRewyKHlM,https://www.youtube.com/watch?v=QphRewyKHlM&t=1617,7,1617,1684,"अगर विवाह की इच्छा न हो, तो क्या माता-पिता के दबाव में शादी करनी चाहिए?"
QphRewyKHlM,https://www.youtube.com/watch?v=QphRewyKHlM,https://www.youtube.com/watch?v=QphRewyKHlM&t=1684,8,1684,1965,पूर्व में प्राप्त दुख की पीड़ा से बाहर नहीं आ पा रहे हैं।
QphRewyKHlM,https://www.youtube.com/watch?v=QphRewyKHlM,https://www.youtube.com/watch?v=QphRewyKHlM&t=1965,9,1965,2319,"62 वर्ष की आयु हो गई है, फिर भी विषयों की रसबुद्धि समाप्त नहीं हो रही है।"
QphRewyKHlM,https://www.youtube.com/watch?v=QphRewyKHlM,https://www.youtube.com/watch?v=QphRewyKHlM&t=2319,10,2319,2541,एक साल में 1.5 करोड़ नाम जप हो गया है अब मेरे साथ ऐसा हो रहा है ?
QphRewyKHlM,https://www.youtube.com/watch?v=QphRewyKHlM,https://www.youtube.com/watch?v=QphRewyKHlM&t=2541,11,2541,2924,"भगवान हमें ऐसे विकल्प ही क्यों देते हैं, जिनसे हम संसार में फँस जाएँ?"
-g6LTKH7BT8,https://www.youtube.com/watch?v=-g6LTKH7BT8,https://www.youtube.com/watch?v=-g6LTKH7BT8&t=0,1,0,12,<Untitled Chapter 1>
-g6LTKH7BT8,https://www.youtube.com/watch?v=-g6LTKH7BT8,https://www.youtube.com/watch?v=-g6LTKH7BT8&t=12,2,12,255,जन्मोत्सव पर महाराज जी का सबको संदेश!
-g6LTKH7BT8,https://www.youtube.com/watch?v=-g6LTKH7BT8,https://www.youtube.com/watch?v=-g6LTKH7BT8&t=255,3,255,1108,पूज्य महाराज जी के जन्मोत्सव पर पधारे सुदामा कुटी के महंत श्री सुतीक्ष्णदास जी महाराज।
-g6LTKH7BT8,https://www.youtube.com/watch?v=-g6LTKH7BT8,https://www.youtube.com/watch?v=-g6LTKH7BT8&t=1108,4,1108,1171,गुरु अपराध क्या है और इससे कैसे बचें?
-g6LTKH7BT8,https://www.youtube.com/watch?v=-g6LTKH7BT8,https://www.youtube.com/watch?v=-g6LTKH7BT8&t=1171,5,1171,1415,पूर्व के भक्तों की तरह इस समय भगवान किस भक्त के यहाँ सेवा कर रहे हैं?
-g6LTKH7BT8,https://www.youtube.com/watch?v=-g6LTKH7BT8,https://www.youtube.com/watch?v=-g6LTKH7BT8&t=1415,6,1415,1557,भगवत प्राप्ति का उत्साह बार-बार कम क्यों हो जाता है?
-g6LTKH7BT8,https://www.youtube.com/watch?v=-g6LTKH7BT8,https://www.youtube.com/watch?v=-g6LTKH7BT8&t=1557,7,1557,1699,क्या जीव की मृत्यु का समय और स्थान पहले से तय होता है या बदल सकता है?
-g6LTKH7BT8,https://www.youtube.com/watch?v=-g6LTKH7BT8,https://www.youtube.com/watch?v=-g6LTKH7BT8&t=1699,8,1699,1786,कर्तव्य और परिवार में किसको प्राथमिकता दूं?
-g6LTKH7BT8,https://www.youtube.com/watch?v=-g6LTKH7BT8,https://www.youtube.com/watch?v=-g6LTKH7BT8&t=1786,9,1786,2036,क्या कर्म योग के साथ सांख्य योग करना जरूरी है?
-g6LTKH7BT8,https://www.youtube.com/watch?v=-g6LTKH7BT8,https://www.youtube.com/watch?v=-g6LTKH7BT8&t=2036,10,2036,2192,"निरंतर नाम जप और आत्मज्ञान की प्राप्ति, दोनों में क्या अंतर है?"
-g6LTKH7BT8,https://www.youtube.com/watch?v=-g6LTKH7BT8,https://www.youtube.com/watch?v=-g6LTKH7BT8&t=2192,11,2192,2581,वो प्रेम कैसा जिसमे प्रेमी से भी कोई चाह न रह जाए ?
C-avB01mLdU,https://www.youtube.com/watch?v=C-avB01mLdU,https://www.youtube.com/watch?v=C-avB01mLdU&t=0,1,0,16,<Untitled Chapter 1>
C-avB01mLdU,https://www.youtube.com/watch?v=C-avB01mLdU,https://www.youtube.com/watch?v=C-avB01mLdU&t=16,2,16,277,क्या है सच्चे प्यार की पहचान ?
C-avB01mLdU,https://www.youtube.com/watch?v=C-avB01mLdU,https://www.youtube.com/watch?v=C-avB01mLdU&t=277,3,277,606,नामजप न होने पर भी एक निश्चिंतता है कि हमें श्रीजी इसी जन्म में मिल जाएंगी।
C-avB01mLdU,https://www.youtube.com/watch?v=C-avB01mLdU,https://www.youtube.com/watch?v=C-avB01mLdU&t=606,4,606,1025,"नामजप का प्रयास करती हूँ, पर वह तड़प नहीं आ रही, वाहेगुरु से कैसे मिलूँ?"
C-avB01mLdU,https://www.youtube.com/watch?v=C-avB01mLdU,https://www.youtube.com/watch?v=C-avB01mLdU&t=1025,5,1025,1414,आपकी दो बातें हृदय में लग गईं। क्या करूँ कि इन दोनों बातों का सदैव स्मरण बना रहे?
C-avB01mLdU,https://www.youtube.com/watch?v=C-avB01mLdU,https://www.youtube.com/watch?v=C-avB01mLdU&t=1414,6,1414,1590,अगर दीक्षा के बाद गलत आचरण हो जाएं तो क्या होगा?
C-avB01mLdU,https://www.youtube.com/watch?v=C-avB01mLdU,https://www.youtube.com/watch?v=C-avB01mLdU&t=1590,7,1590,1743,व्यवहार में यह समझ नहीं आता कि सबमें भगवान को कैसे देखूं?
C-avB01mLdU,https://www.youtube.com/watch?v=C-avB01mLdU,https://www.youtube.com/watch?v=C-avB01mLdU&t=1743,8,1743,2270,"मन बार-बार छोड़ी हुई आदतों की ओर ले जाता है, बहुत परेशान हो जाता हूँ, क्या करूँ ?"
C-avB01mLdU,https://www.youtube.com/watch?v=C-avB01mLdU,https://www.youtube.com/watch?v=C-avB01mLdU&t=2270,9,2270,2542,"जैसा मन में सोचते हैं, वैसा कर नहीं पाते, जिससे मन खिन्न हो जाता है।"
C-avB01mLdU,https://www.youtube.com/watch?v=C-avB01mLdU,https://www.youtube.com/watch?v=C-avB01mLdU&t=2542,10,2542,2978,घर-गृहस्थी की बाधाओं को और अधिक सहनशील होकर कैसे सहूं?
77mVQ_TpJZA,https://www.youtube.com/watch?v=77mVQ_TpJZA,https://www.youtube.com/watch?v=77mVQ_TpJZA&t=0,1,0,179,राधा नाम
77mVQ_TpJZA,https://www.youtube.com/watch?v=77mVQ_TpJZA,https://www.youtube.com/watch?v=77mVQ_TpJZA&t=179,2,179,650,"महाराज जी, आपको अपने लक्ष्य की प्राप्ति कैसे हुई?"
77mVQ_TpJZA,https://www.youtube.com/watch?v=77mVQ_TpJZA,https://www.youtube.com/watch?v=77mVQ_TpJZA&t=650,3,650,907,कभी आप साधन को बहुत आसान बताते हैं और कभी आप कहते हैं यह सब बहुत कठिन है। इसका क्या रहस्य है?
77mVQ_TpJZA,https://www.youtube.com/watch?v=77mVQ_TpJZA,https://www.youtube.com/watch?v=77mVQ_TpJZA&t=907,4,907,1099,मुझे जड़भरत जी जैसी स्थिति चाहिए। क्या करूं?
77mVQ_TpJZA,https://www.youtube.com/watch?v=77mVQ_TpJZA,https://www.youtube.com/watch?v=77mVQ_TpJZA&t=1099,5,1099,1426,वृंदावन के वास का अधिकारी कौन है?
77mVQ_TpJZA,https://www.youtube.com/watch?v=77mVQ_TpJZA,https://www.youtube.com/watch?v=77mVQ_TpJZA&t=1426,6,1426,1537,"जीवनपर्यंत ब्रह्मचर्य से रहना चाहते हैं, आप बल प्रदान करें।"
77mVQ_TpJZA,https://www.youtube.com/watch?v=77mVQ_TpJZA,https://www.youtube.com/watch?v=77mVQ_TpJZA&t=1537,7,1537,1793,एक साधक को गुरु सान्निध्य में कब तक रहना चाहिए और कब एकांतवास करना चाहिए?
77mVQ_TpJZA,https://www.youtube.com/watch?v=77mVQ_TpJZA,https://www.youtube.com/watch?v=77mVQ_TpJZA&t=1793,8,1793,2238,"कलियुग में मानसिक पाप नहीं लगता, फिर संतों में दोष-दर्शन होने से अपराध क्यों बनता है?"
3gPA3YUxLts,https://www.youtube.com/watch?v=3gPA3YUxLts,https://www.youtube.com/watch?v=3gPA3YUxLts&t=0,1,0,174,राधा नाम
3gPA3YUxLts,https://www.youtube.com/watch?v=3gPA3YUxLts,https://www.youtube.com/watch?v=3gPA3YUxLts&t=174,2,174,655,"जब स्वयं श्रीजी ने कहा, ""मैं कहती हूं तू मेरा है!"""
3gPA3YUxLts,https://www.youtube.com/watch?v=3gPA3YUxLts,https://www.youtube.com/watch?v=3gPA3YUxLts&t=655,3,655,864,ब्रह्मज्ञानी और प्रेमी में क्या अंतर है?
3gPA3YUxLts,https://www.youtube.com/watch?v=3gPA3YUxLts,https://www.youtube.com/watch?v=3gPA3YUxLts&t=864,4,864,955,साधक अपने विवेक को कैसे जाग्रत करें?
3gPA3YUxLts,https://www.youtube.com/watch?v=3gPA3YUxLts,https://www.youtube.com/watch?v=3gPA3YUxLts&t=955,5,955,1321,"जैसे महापुरुषों को कष्ट में भी कोई तकलीफ नहीं होती, ऐसी स्थिति साधक की कैसे हो?"
3gPA3YUxLts,https://www.youtube.com/watch?v=3gPA3YUxLts,https://www.youtube.com/watch?v=3gPA3YUxLts&t=1321,6,1321,1447,सच्ची शरणागति अनुकूल परिस्थिति में होती है या प्रतिकूल।
3gPA3YUxLts,https://www.youtube.com/watch?v=3gPA3YUxLts,https://www.youtube.com/watch?v=3gPA3YUxLts&t=1447,7,1447,1635,"क्या चौरासी जी की एक पंक्ति को ही बार-बार गाएं, तो वह भी नाम जप ही माना जाएगा?"
3gPA3YUxLts,https://www.youtube.com/watch?v=3gPA3YUxLts,https://www.youtube.com/watch?v=3gPA3YUxLts&t=1635,8,1635,1987,"मरना तो सबको है, पर जीते जी मरने का क्या मतलब है, समझ नहीं आया?"
3gPA3YUxLts,https://www.youtube.com/watch?v=3gPA3YUxLts,https://www.youtube.com/watch?v=3gPA3YUxLts&t=1987,9,1987,2339,एक सच्चा और आज्ञाकारी शिष्य कौन होता है?
MQwn6rZU2xo,https://www.youtube.com/watch?v=MQwn6rZU2xo,https://www.youtube.com/watch?v=MQwn6rZU2xo&t=0,1,0,12,<Untitled Chapter 1>
MQwn6rZU2xo,https://www.youtube.com/watch?v=MQwn6rZU2xo,https://www.youtube.com/watch?v=MQwn6rZU2xo&t=12,2,12,744,नाम जप की अद्भुत महिमा
MQwn6rZU2xo,https://www.youtube.com/watch?v=MQwn6rZU2xo,https://www.youtube.com/watch?v=MQwn6rZU2xo&t=744,3,744,1061,अंदर की शांति संघर्ष से आती है या स्वीकार करने से?
MQwn6rZU2xo,https://www.youtube.com/watch?v=MQwn6rZU2xo,https://www.youtube.com/watch?v=MQwn6rZU2xo&t=1061,4,1061,1342,"जब तत्वतः राम, कृष्ण और राधा एक ही हैं, तो नाम जप करते समय उनके स्वरूप अलग-अलग क्यों प्रतीत होते हैं?"
MQwn6rZU2xo,https://www.youtube.com/watch?v=MQwn6rZU2xo,https://www.youtube.com/watch?v=MQwn6rZU2xo&t=1342,5,1342,1638,क्या नाम जप से रजोगुण की वृत्ति समाप्त हो जाएगी?
MQwn6rZU2xo,https://www.youtube.com/watch?v=MQwn6rZU2xo,https://www.youtube.com/watch?v=MQwn6rZU2xo&t=1638,6,1638,1998,"अगर भजन करते हुए भी भगवत प्राप्ति नहीं हुई, तो हमारा क्या होगा?"
MQwn6rZU2xo,https://www.youtube.com/watch?v=MQwn6rZU2xo,https://www.youtube.com/watch?v=MQwn6rZU2xo&t=1998,7,1998,2339,स्वतः ही वीर्यनाश हो जाये तो क्या ब्रह्मचर्य नष्ट माना जायेगा ?
MQwn6rZU2xo,https://www.youtube.com/watch?v=MQwn6rZU2xo,https://www.youtube.com/watch?v=MQwn6rZU2xo&t=2339,8,2339,2700,क्या भगवान का साक्षात्कार स्वप्न में होता है या प्रत्यक्ष सामने से?
RTWOlaqPINo,https://www.youtube.com/watch?v=RTWOlaqPINo,https://www.youtube.com/watch?v=RTWOlaqPINo&t=0,1,0,173,राधा नाम
RTWOlaqPINo,https://www.youtube.com/watch?v=RTWOlaqPINo,https://www.youtube.com/watch?v=RTWOlaqPINo&t=173,2,173,436,क्या कलियुग में भगवान जी अवतार लेंगे?
RTWOlaqPINo,https://www.youtube.com/watch?v=RTWOlaqPINo,https://www.youtube.com/watch?v=RTWOlaqPINo&t=436,3,436,783,"काम, क्रोध, मद, मत्सर ये सब बहुत ताकतवर हैं और बस आपका ही भरोसा है।"
RTWOlaqPINo,https://www.youtube.com/watch?v=RTWOlaqPINo,https://www.youtube.com/watch?v=RTWOlaqPINo&t=783,4,783,1179,क्या अध्यात्म स्वयं प्रकट होकर सामने आता है या हमारे प्रयास से प्राप्त होता है?
RTWOlaqPINo,https://www.youtube.com/watch?v=RTWOlaqPINo,https://www.youtube.com/watch?v=RTWOlaqPINo&t=1179,5,1179,1481,गुरु आज्ञा में दृढ़ निष्ठा कैसे आए?
RTWOlaqPINo,https://www.youtube.com/watch?v=RTWOlaqPINo,https://www.youtube.com/watch?v=RTWOlaqPINo&t=1481,6,1481,1759,मन किसी बात को पकड़ कर बैठ जाए और माने ना तो क्या करें ?
RTWOlaqPINo,https://www.youtube.com/watch?v=RTWOlaqPINo,https://www.youtube.com/watch?v=RTWOlaqPINo&t=1759,7,1759,1877,"बच्चे बहस करते हैं, बात नहीं मानते तो क्या उन्हें न डाँटे और भगवान भरोसे छोड़ दें?"
RTWOlaqPINo,https://www.youtube.com/watch?v=RTWOlaqPINo,https://www.youtube.com/watch?v=RTWOlaqPINo&t=1877,8,1877,2247,हमें भगवान में दृढ़ भरोसा कैसे हो?
RTWOlaqPINo,https://www.youtube.com/watch?v=RTWOlaqPINo,https://www.youtube.com/watch?v=RTWOlaqPINo&t=2247,9,2247,2495,"क्या किसी जीव को जन्म–मृत्यु के चक्र से निकालना है, इसका निर्णय भी भगवान ही लेते हैं?"
RTWOlaqPINo,https://www.youtube.com/watch?v=RTWOlaqPINo,https://www.youtube.com/watch?v=RTWOlaqPINo&t=2495,10,2495,2961,संतों के हज़ारों शिष्य होते हैं तो क्या सबको भगवत-प्राप्ति होती है?
ySV9qXwmrlM,https://www.youtube.com/watch?v=ySV9qXwmrlM,https://www.youtube.com/watch?v=ySV9qXwmrlM&t=0,1,0,171,राधा नाम
ySV9qXwmrlM,https://www.youtube.com/watch?v=ySV9qXwmrlM,https://www.youtube.com/watch?v=ySV9qXwmrlM&t=171,2,171,321,क्या बड़े-बड़े भक्तों की तरह हमारी भी कथा करेगा कोई?
ySV9qXwmrlM,https://www.youtube.com/watch?v=ySV9qXwmrlM,https://www.youtube.com/watch?v=ySV9qXwmrlM&t=321,3,321,536,इस चौपाई का क्या अर्थ है?
ySV9qXwmrlM,https://www.youtube.com/watch?v=ySV9qXwmrlM,https://www.youtube.com/watch?v=ySV9qXwmrlM&t=536,4,536,1115,क्या भक्ति तब ही जीवन में आती है जब हम सब जगह से हार जाते हैं?
ySV9qXwmrlM,https://www.youtube.com/watch?v=ySV9qXwmrlM,https://www.youtube.com/watch?v=ySV9qXwmrlM&t=1115,5,1115,1196,"जिसने अभी तक कोई गुरु नहीं बनाया, उसका कल्याण कैसे होगा?"
ySV9qXwmrlM,https://www.youtube.com/watch?v=ySV9qXwmrlM,https://www.youtube.com/watch?v=ySV9qXwmrlM&t=1196,6,1196,1440,आंतरिक स्थिति कैसे बदलेगी?
ySV9qXwmrlM,https://www.youtube.com/watch?v=ySV9qXwmrlM,https://www.youtube.com/watch?v=ySV9qXwmrlM&t=1440,7,1440,1800,"भक्ति तो करना चाहती हूं, पर मरने का भय और जीने की चाह आड़े आ जाती है!"
vI2NIp-JQMI,https://www.youtube.com/watch?v=vI2NIp-JQMI,https://www.youtube.com/watch?v=vI2NIp-JQMI&t=0,1,0,171,राधा नाम
vI2NIp-JQMI,https://www.youtube.com/watch?v=vI2NIp-JQMI,https://www.youtube.com/watch?v=vI2NIp-JQMI&t=171,2,171,767,"जब आपको अपने गुरुदेव से प्रतिकूलता मिलती थी, तो आपको कैसा अनुभव होता था?"
vI2NIp-JQMI,https://www.youtube.com/watch?v=vI2NIp-JQMI,https://www.youtube.com/watch?v=vI2NIp-JQMI&t=767,3,767,1242,संसार में रहते हुए स्थितप्रज्ञ स्थिति में कैसे रहें?
vI2NIp-JQMI,https://www.youtube.com/watch?v=vI2NIp-JQMI,https://www.youtube.com/watch?v=vI2NIp-JQMI&t=1242,4,1242,1372,"जब हम लोगों का मन एकांत के लिए भागता है, तो आप यह सब सेवा कैसे कर लेते हैं?"
vI2NIp-JQMI,https://www.youtube.com/watch?v=vI2NIp-JQMI,https://www.youtube.com/watch?v=vI2NIp-JQMI&t=1372,5,1372,1765,हम ऐसा क्या करें कि हमारा स्वभाव भी संतों की तरह बन जाए?
aWe6xfSkJEc,https://www.youtube.com/watch?v=aWe6xfSkJEc,https://www.youtube.com/watch?v=aWe6xfSkJEc&t=0,1,0,182,राधा नाम
aWe6xfSkJEc,https://www.youtube.com/watch?v=aWe6xfSkJEc,https://www.youtube.com/watch?v=aWe6xfSkJEc&t=182,2,182,294,क्या गुरुदेव की सेवा की चाह करना भी स्वार्थ है?
aWe6xfSkJEc,https://www.youtube.com/watch?v=aWe6xfSkJEc,https://www.youtube.com/watch?v=aWe6xfSkJEc&t=294,3,294,345,गुरुदेव सपने में आज्ञा करें तो क्या हमें मानना चाहिए?
aWe6xfSkJEc,https://www.youtube.com/watch?v=aWe6xfSkJEc,https://www.youtube.com/watch?v=aWe6xfSkJEc&t=345,4,345,425,"अगर ईश्वर की स्मृति करने पर गुरु की स्मृति आए, तो क्या साधक सही चल रहा है?"
aWe6xfSkJEc,https://www.youtube.com/watch?v=aWe6xfSkJEc,https://www.youtube.com/watch?v=aWe6xfSkJEc&t=425,5,425,603,गुरु में इष्ट-भावना कैसे करें?
aWe6xfSkJEc,https://www.youtube.com/watch?v=aWe6xfSkJEc,https://www.youtube.com/watch?v=aWe6xfSkJEc&t=603,6,603,753,सच्चे गुरु के मिलन पर हृदय में क्या प्रेरणा होती है?
aWe6xfSkJEc,https://www.youtube.com/watch?v=aWe6xfSkJEc,https://www.youtube.com/watch?v=aWe6xfSkJEc&t=753,7,753,853,गुरु चरणों की सेवा क्या कर्मों से मिलती है या प्रयास से?
aWe6xfSkJEc,https://www.youtube.com/watch?v=aWe6xfSkJEc,https://www.youtube.com/watch?v=aWe6xfSkJEc&t=853,8,853,1295,गुरु कृपा से प्राप्त सम्मान और ऐश्वर्य को कैसे पचाएं?
aWe6xfSkJEc,https://www.youtube.com/watch?v=aWe6xfSkJEc,https://www.youtube.com/watch?v=aWe6xfSkJEc&t=1295,9,1295,1406,शिष्य की ओर से गुरुदेव के लिए सबसे बड़ी भेंट क्या है?
aWe6xfSkJEc,https://www.youtube.com/watch?v=aWe6xfSkJEc,https://www.youtube.com/watch?v=aWe6xfSkJEc&t=1406,10,1406,1809,शिष्य बनने की योग्यता कैसे आएगी?
aWe6xfSkJEc,https://www.youtube.com/watch?v=aWe6xfSkJEc,https://www.youtube.com/watch?v=aWe6xfSkJEc&t=1809,11,1809,1929,हम बिना गुरु दीक्षा के भक्ति कैसे करें?
aWe6xfSkJEc,https://www.youtube.com/watch?v=aWe6xfSkJEc,https://www.youtube.com/watch?v=aWe6xfSkJEc&t=1929,12,1929,2006,क्या गुरु के प्रति भी विरह की स्थिति प्राप्त हो सकती है?
aWe6xfSkJEc,https://www.youtube.com/watch?v=aWe6xfSkJEc,https://www.youtube.com/watch?v=aWe6xfSkJEc&t=2006,13,2006,2188,गुरु-आज्ञा मिलने का सौभाग्य कब प्राप्त होता है?
aWe6xfSkJEc,https://www.youtube.com/watch?v=aWe6xfSkJEc,https://www.youtube.com/watch?v=aWe6xfSkJEc&t=2188,14,2188,2271,क्या गुरु भी प्रारब्ध से मिलते हैं?
aWe6xfSkJEc,https://www.youtube.com/watch?v=aWe6xfSkJEc,https://www.youtube.com/watch?v=aWe6xfSkJEc&t=2271,15,2271,2517,"""गुरु मेहरबान तो चेला पहलवान"", इसका सही अर्थ और रहस्य क्या है?"
X3l0NZ_0NC0,https://www.youtube.com/watch?v=X3l0NZ_0NC0,https://www.youtube.com/watch?v=X3l0NZ_0NC0&t=0,1,0,169,राधा नाम
X3l0NZ_0NC0,https://www.youtube.com/watch?v=X3l0NZ_0NC0,https://www.youtube.com/watch?v=X3l0NZ_0NC0&t=169,2,169,926,आत्मा को करना क्या है? क्या उसे कुछ प्राप्त करना है?
X3l0NZ_0NC0,https://www.youtube.com/watch?v=X3l0NZ_0NC0,https://www.youtube.com/watch?v=X3l0NZ_0NC0&t=926,3,926,2021,तीनों गुणों पर विस्तृत चर्चा।
X3l0NZ_0NC0,https://www.youtube.com/watch?v=X3l0NZ_0NC0,https://www.youtube.com/watch?v=X3l0NZ_0NC0&t=2021,4,2021,2302,"कार्य में मन लगाता हूं तो परिवार छूटता है, कभी लगता है प्रभु को भूल गया हूं!"
X3l0NZ_0NC0,https://www.youtube.com/watch?v=X3l0NZ_0NC0,https://www.youtube.com/watch?v=X3l0NZ_0NC0&t=2302,5,2302,2500,आजकल लोग धर्मग्रंथों के गलत अर्थ करके समाज को क्षति पहुंचा रहे हैं!
X3l0NZ_0NC0,https://www.youtube.com/watch?v=X3l0NZ_0NC0,https://www.youtube.com/watch?v=X3l0NZ_0NC0&t=2500,6,2500,2784,मेरा मन अद्वैत मार्ग पर ज्यादा लगता है।
t7C_kV51A3I,https://www.youtube.com/watch?v=t7C_kV51A3I,https://www.youtube.com/watch?v=t7C_kV51A3I&t=0,1,0,179,राधा नाम
t7C_kV51A3I,https://www.youtube.com/watch?v=t7C_kV51A3I,https://www.youtube.com/watch?v=t7C_kV51A3I&t=179,2,179,381,"महाराज जी, आपका जन्म क्यों हुआ?"
t7C_kV51A3I,https://www.youtube.com/watch?v=t7C_kV51A3I,https://www.youtube.com/watch?v=t7C_kV51A3I&t=381,3,381,794,आत्मसुख क्या है?
t7C_kV51A3I,https://www.youtube.com/watch?v=t7C_kV51A3I,https://www.youtube.com/watch?v=t7C_kV51A3I&t=794,4,794,874,"भगवान ने कहा, ""सभी जीव मुझमें निवास करते हैं, पर मैं उनमें निवास नहीं करता"", इसका क्या अर्थ है?"
t7C_kV51A3I,https://www.youtube.com/watch?v=t7C_kV51A3I,https://www.youtube.com/watch?v=t7C_kV51A3I&t=874,5,874,1023,क्या सभी साधकों के ऊपर एक जैसी कृपा होती है?
t7C_kV51A3I,https://www.youtube.com/watch?v=t7C_kV51A3I,https://www.youtube.com/watch?v=t7C_kV51A3I&t=1023,6,1023,1230,"क्रोध, ईर्ष्या और अभिमान बार-बार गिरा देता है, क्या करूं?"
t7C_kV51A3I,https://www.youtube.com/watch?v=t7C_kV51A3I,https://www.youtube.com/watch?v=t7C_kV51A3I&t=1230,7,1230,1317,क्या मुक्ति के लिए विकार-मुक्त होना जरूरी है?
t7C_kV51A3I,https://www.youtube.com/watch?v=t7C_kV51A3I,https://www.youtube.com/watch?v=t7C_kV51A3I&t=1317,8,1317,1479,क्या स्वधर्म का सही पालन करने से प्रभु की प्राप्ति हो जाएगी?
t7C_kV51A3I,https://www.youtube.com/watch?v=t7C_kV51A3I,https://www.youtube.com/watch?v=t7C_kV51A3I&t=1479,9,1479,1828,"काशी में वैराग्य आना तो समझ आता है, पर वृंदावन को देखकर वैराग्य आना समझ नहीं आता!"
t7C_kV51A3I,https://www.youtube.com/watch?v=t7C_kV51A3I,https://www.youtube.com/watch?v=t7C_kV51A3I&t=1828,10,1828,2304,मेरे पति कोई भी काम करवाना हो तो नाम जप की शर्त रख देते हैं।
K3iY9owwAXk,https://www.youtube.com/watch?v=K3iY9owwAXk,https://www.youtube.com/watch?v=K3iY9owwAXk&t=0,1,0,174,राधा नाम
K3iY9owwAXk,https://www.youtube.com/watch?v=K3iY9owwAXk,https://www.youtube.com/watch?v=K3iY9owwAXk&t=174,2,174,1291,क्या संतों के दर्शन से प्रारब्ध नष्ट हो सकते हैं?
K3iY9owwAXk,https://www.youtube.com/watch?v=K3iY9owwAXk,https://www.youtube.com/watch?v=K3iY9owwAXk&t=1291,3,1291,1763,"अगर गलती के बाद पश्चाताप हो और वह गलती दोबारा न करें, तो क्या भगवान माफ कर देंगे?"
K3iY9owwAXk,https://www.youtube.com/watch?v=K3iY9owwAXk,https://www.youtube.com/watch?v=K3iY9owwAXk&t=1763,4,1763,1902,सब छोड़कर भजन करने की स्थिति कैसे आती है?
K3iY9owwAXk,https://www.youtube.com/watch?v=K3iY9owwAXk,https://www.youtube.com/watch?v=K3iY9owwAXk&t=1902,5,1902,1998,लोगों की भजन और सेवा भावना देखकर कभी-कभी ईर्ष्या का भाव आ जाता है।
K3iY9owwAXk,https://www.youtube.com/watch?v=K3iY9owwAXk,https://www.youtube.com/watch?v=K3iY9owwAXk&t=1998,6,1998,2323,"पशुपतिनाथ, महाकुंभ, मंदिरों में सब जगह कसम खा ली, पर फिर गिर जाता हूं!"
gAATuTAmpN4,https://www.youtube.com/watch?v=gAATuTAmpN4,https://www.youtube.com/watch?v=gAATuTAmpN4&t=0,1,0,172,राधा नाम
gAATuTAmpN4,https://www.youtube.com/watch?v=gAATuTAmpN4,https://www.youtube.com/watch?v=gAATuTAmpN4&t=172,2,172,520,"न मैं यह देह हूं न ही कर्ता, मैं बस साक्षी मात्र हूं!"
gAATuTAmpN4,https://www.youtube.com/watch?v=gAATuTAmpN4,https://www.youtube.com/watch?v=gAATuTAmpN4&t=520,3,520,1271,गुरुदेव में भगवान के भाव को कैसे पुष्ट करें?
gAATuTAmpN4,https://www.youtube.com/watch?v=gAATuTAmpN4,https://www.youtube.com/watch?v=gAATuTAmpN4&t=1271,4,1271,1568,गीताप्रेस की सभी वाणियां व कुल 800+ वाणियों को एक ही जगह उपलब्ध कराने का सुंदर प्रयास!
gAATuTAmpN4,https://www.youtube.com/watch?v=gAATuTAmpN4,https://www.youtube.com/watch?v=gAATuTAmpN4&t=1568,5,1568,1725,"अपने काम को लेकर बहुत टेंशन लेता हूं, सुबह-शाम दिमाग में बस काम चलता है!"
gAATuTAmpN4,https://www.youtube.com/watch?v=gAATuTAmpN4,https://www.youtube.com/watch?v=gAATuTAmpN4&t=1725,6,1725,1857,शरणागत की स्थिति कैसी होती है?
gAATuTAmpN4,https://www.youtube.com/watch?v=gAATuTAmpN4,https://www.youtube.com/watch?v=gAATuTAmpN4&t=1857,7,1857,2221,"गीता जी को गोपनीय रखने का जो निर्देश दिया गया है, उसका क्या अर्थ है?"
q3w54e0lzyc,https://www.youtube.com/watch?v=q3w54e0lzyc,https://www.youtube.com/watch?v=q3w54e0lzyc&t=0,1,0,172,राधा नाम
q3w54e0lzyc,https://www.youtube.com/watch?v=q3w54e0lzyc,https://www.youtube.com/watch?v=q3w54e0lzyc&t=172,2,172,432,"महाराज जी, युवावस्था में आपकी दिनचर्या क्या थी?"
q3w54e0lzyc,https://www.youtube.com/watch?v=q3w54e0lzyc,https://www.youtube.com/watch?v=q3w54e0lzyc&t=432,3,432,1296,मन पूर्ण समर्पण से क्यों डरता है?
q3w54e0lzyc,https://www.youtube.com/watch?v=q3w54e0lzyc,https://www.youtube.com/watch?v=q3w54e0lzyc&t=1296,4,1296,1750,संसार और स्वरूप की स्पष्टता अनुभव में होने के बाद भी अहंकार नहीं जा रहा!
FpXbDM_xonQ,https://www.youtube.com/watch?v=FpXbDM_xonQ,https://www.youtube.com/watch?v=FpXbDM_xonQ&t=0,1,0,179,राधा नाम
FpXbDM_xonQ,https://www.youtube.com/watch?v=FpXbDM_xonQ,https://www.youtube.com/watch?v=FpXbDM_xonQ&t=179,2,179,288,आपकी डायरी की सबसे महत्वपूर्ण बात क्या है?
FpXbDM_xonQ,https://www.youtube.com/watch?v=FpXbDM_xonQ,https://www.youtube.com/watch?v=FpXbDM_xonQ&t=288,3,288,420,क्या आत्मज्ञान प्राप्त करने के बाद मैं पूर्ण रूप से समाप्त हो जाता हूं या रहता हूं?
FpXbDM_xonQ,https://www.youtube.com/watch?v=FpXbDM_xonQ,https://www.youtube.com/watch?v=FpXbDM_xonQ&t=420,4,420,611,इस चौपाई का अर्थ कैसे समझें?
FpXbDM_xonQ,https://www.youtube.com/watch?v=FpXbDM_xonQ,https://www.youtube.com/watch?v=FpXbDM_xonQ&t=611,5,611,978,"संतों की कृपा से भगवान में रति होती है, तो हम उन संतों को कैसे जानें और उनका संग कैसे करें?"
FpXbDM_xonQ,https://www.youtube.com/watch?v=FpXbDM_xonQ,https://www.youtube.com/watch?v=FpXbDM_xonQ&t=978,6,978,1097,गुरुदेव से निज आज्ञा कैसे प्राप्त करें?
FpXbDM_xonQ,https://www.youtube.com/watch?v=FpXbDM_xonQ,https://www.youtube.com/watch?v=FpXbDM_xonQ&t=1097,7,1097,1266,मंत्र के साक्षात्कार का मतलब क्या है?
FpXbDM_xonQ,https://www.youtube.com/watch?v=FpXbDM_xonQ,https://www.youtube.com/watch?v=FpXbDM_xonQ&t=1266,8,1266,1657,"कोशिश करता हूं कि ध्यान लगाऊं, पर ज्यादा देर नहीं लगा पाता।"
FpXbDM_xonQ,https://www.youtube.com/watch?v=FpXbDM_xonQ,https://www.youtube.com/watch?v=FpXbDM_xonQ&t=1657,9,1657,1886,"मैं एक फिल्म निर्माता हूं, आध्यात्मिक फिल्में बनाने में क्या सावधानियां रखूं?"
FpXbDM_xonQ,https://www.youtube.com/watch?v=FpXbDM_xonQ,https://www.youtube.com/watch?v=FpXbDM_xonQ&t=1886,10,1886,2004,विपत्ति में भगवान पर विश्वास कैसे बनाए रखें?
FpXbDM_xonQ,https://www.youtube.com/watch?v=FpXbDM_xonQ,https://www.youtube.com/watch?v=FpXbDM_xonQ&t=2004,11,2004,2334,"भगवान के विरह में गोपियों की जो स्थिति थी, वह स्थिति हम कैसे प्राप्त कर सकते हैं?"
lWCW3FE3vv8,https://www.youtube.com/watch?v=lWCW3FE3vv8,https://www.youtube.com/watch?v=lWCW3FE3vv8&t=0,1,0,177,राधा नाम
lWCW3FE3vv8,https://www.youtube.com/watch?v=lWCW3FE3vv8,https://www.youtube.com/watch?v=lWCW3FE3vv8&t=177,2,177,256,पूज्य देवरहा बाबा की ईश्वरलीन अवस्था क्या थी?
lWCW3FE3vv8,https://www.youtube.com/watch?v=lWCW3FE3vv8,https://www.youtube.com/watch?v=lWCW3FE3vv8&t=256,3,256,816,"हमारा तो इतने छोटे-छोटे दुख में मन डगमगा जाता है, फिर आप इतनी छोटी अवस्था से कैसे इस मार्ग में चले?"
lWCW3FE3vv8,https://www.youtube.com/watch?v=lWCW3FE3vv8,https://www.youtube.com/watch?v=lWCW3FE3vv8&t=816,4,816,901,भगवद कृपा और संत कृपा में क्या फर्क है?
lWCW3FE3vv8,https://www.youtube.com/watch?v=lWCW3FE3vv8,https://www.youtube.com/watch?v=lWCW3FE3vv8&t=901,5,901,978,"यदि ""मैं"" मर गया तो फिर मुक्ति का अनुभव किसे होगा?"
lWCW3FE3vv8,https://www.youtube.com/watch?v=lWCW3FE3vv8,https://www.youtube.com/watch?v=lWCW3FE3vv8&t=978,6,978,1180,"जीवन में बहुत कुछ करना चाहती हूं, पर अनुशासन और एकाग्रता कैसे लाऊं?"
lWCW3FE3vv8,https://www.youtube.com/watch?v=lWCW3FE3vv8,https://www.youtube.com/watch?v=lWCW3FE3vv8&t=1180,7,1180,1321,हृदय में नाम निष्ठा का जागरण कैसे होगा?
lWCW3FE3vv8,https://www.youtube.com/watch?v=lWCW3FE3vv8,https://www.youtube.com/watch?v=lWCW3FE3vv8&t=1321,8,1321,1458,आपको सुनने वालों को और आपके शिष्यों के लिए आपकी क्या आज्ञा है?
lWCW3FE3vv8,https://www.youtube.com/watch?v=lWCW3FE3vv8,https://www.youtube.com/watch?v=lWCW3FE3vv8&t=1458,9,1458,1657,क्या मोहरहित रहकर भी कर्तव्य पालन हो सकता है?
lWCW3FE3vv8,https://www.youtube.com/watch?v=lWCW3FE3vv8,https://www.youtube.com/watch?v=lWCW3FE3vv8&t=1657,10,1657,2239,दीक्षा लेने में और पूर्ण शरणागति में क्या अंतर है?
N9S0-mYD8Gg,https://www.youtube.com/watch?v=N9S0-mYD8Gg,https://www.youtube.com/watch?v=N9S0-mYD8Gg&t=0,1,0,181,राधा नाम
N9S0-mYD8Gg,https://www.youtube.com/watch?v=N9S0-mYD8Gg,https://www.youtube.com/watch?v=N9S0-mYD8Gg&t=181,2,181,414,नाम जप से धनी हो जाते हैं पर मैं तो साइकिल से आगे नहीं बढ़ पा रहा हूं।
N9S0-mYD8Gg,https://www.youtube.com/watch?v=N9S0-mYD8Gg,https://www.youtube.com/watch?v=N9S0-mYD8Gg&t=414,3,414,728,"""राजी हैं हम उसी में जिसमें तेरी रज़ा है"" इसकी महिमा और यह भाव कैसे आए?"
N9S0-mYD8Gg,https://www.youtube.com/watch?v=N9S0-mYD8Gg,https://www.youtube.com/watch?v=N9S0-mYD8Gg&t=728,4,728,860,कबीरदास जी का दोहा सुनकर महाराज जी हुए भावविभोर।
N9S0-mYD8Gg,https://www.youtube.com/watch?v=N9S0-mYD8Gg,https://www.youtube.com/watch?v=N9S0-mYD8Gg&t=860,5,860,972,आपके जैसा आध्यात्मिक जीवन सामान्य मनुष्य कैसे प्राप्त करे?
N9S0-mYD8Gg,https://www.youtube.com/watch?v=N9S0-mYD8Gg,https://www.youtube.com/watch?v=N9S0-mYD8Gg&t=972,6,972,1217,"जैसे कर्मयोगी निष्काम कर्म करता है, वैसे ही एक भक्त और ज्ञानी कैसे कर्म करें?"
N9S0-mYD8Gg,https://www.youtube.com/watch?v=N9S0-mYD8Gg,https://www.youtube.com/watch?v=N9S0-mYD8Gg&t=1217,7,1217,1300,"भगवद प्राप्ति के लिए सबसे ज्यादा क्या आवश्यक है—नाम जप, समर्पण या कृपा?"
N9S0-mYD8Gg,https://www.youtube.com/watch?v=N9S0-mYD8Gg,https://www.youtube.com/watch?v=N9S0-mYD8Gg&t=1300,8,1300,1388,क्या गृहस्थ में रहकर मोक्ष की प्राप्ति संभव है?
N9S0-mYD8Gg,https://www.youtube.com/watch?v=N9S0-mYD8Gg,https://www.youtube.com/watch?v=N9S0-mYD8Gg&t=1388,9,1388,1454,"अगर इस जन्म में भगवद प्राप्ति नहीं हुई, तो क्या अगला जन्म मनुष्य का ही मिलेगा?"
N9S0-mYD8Gg,https://www.youtube.com/watch?v=N9S0-mYD8Gg,https://www.youtube.com/watch?v=N9S0-mYD8Gg&t=1454,10,1454,1740,"आज हमारा सुख-दुख सामने वाले के व्यवहार पर निर्भर करता है, ऐसे में क्या करें?"
unvoa0tKtMc,https://www.youtube.com/watch?v=unvoa0tKtMc,https://www.youtube.com/watch?v=unvoa0tKtMc&t=0,1,0,177,राधा नाम
unvoa0tKtMc,https://www.youtube.com/watch?v=unvoa0tKtMc,https://www.youtube.com/watch?v=unvoa0tKtMc&t=177,2,177,772,"जब साधक को यह अहंकार आ जाए कि मैं कुछ बन गया हूं, तो क्या करें?"
unvoa0tKtMc,https://www.youtube.com/watch?v=unvoa0tKtMc,https://www.youtube.com/watch?v=unvoa0tKtMc&t=772,3,772,860,साधना और कृपा का क्या संबंध है?
unvoa0tKtMc,https://www.youtube.com/watch?v=unvoa0tKtMc,https://www.youtube.com/watch?v=unvoa0tKtMc&t=860,4,860,1035,अनन्य भक्ति का क्या अर्थ है?
unvoa0tKtMc,https://www.youtube.com/watch?v=unvoa0tKtMc,https://www.youtube.com/watch?v=unvoa0tKtMc&t=1035,5,1035,1446,चातक जैसी अनन्यता भजन में कैसे आए?
unvoa0tKtMc,https://www.youtube.com/watch?v=unvoa0tKtMc,https://www.youtube.com/watch?v=unvoa0tKtMc&t=1446,6,1446,1594,हम यह बात क्यों भूल जाते हैं कि हमें यहां से जाना है?
unvoa0tKtMc,https://www.youtube.com/watch?v=unvoa0tKtMc,https://www.youtube.com/watch?v=unvoa0tKtMc&t=1594,7,1594,2150,"MahaShivratri के पावन पर्व पर महाराज जी ने सुनाई, कैसे हुई उनपर भगवान शिव की कृपा?"
PvlQ7wScZ0k,https://www.youtube.com/watch?v=PvlQ7wScZ0k,https://www.youtube.com/watch?v=PvlQ7wScZ0k&t=0,1,0,172,राधा नाम
PvlQ7wScZ0k,https://www.youtube.com/watch?v=PvlQ7wScZ0k,https://www.youtube.com/watch?v=PvlQ7wScZ0k&t=172,2,172,776,महाराज जी काशी से वृंदावन क्यों आए?
PvlQ7wScZ0k,https://www.youtube.com/watch?v=PvlQ7wScZ0k,https://www.youtube.com/watch?v=PvlQ7wScZ0k&t=776,3,776,881,प्रेम और वासना में क्या अंतर है?
PvlQ7wScZ0k,https://www.youtube.com/watch?v=PvlQ7wScZ0k,https://www.youtube.com/watch?v=PvlQ7wScZ0k&t=881,4,881,1055,भगवान को पूर्ण समर्पण का क्या अर्थ है?
PvlQ7wScZ0k,https://www.youtube.com/watch?v=PvlQ7wScZ0k,https://www.youtube.com/watch?v=PvlQ7wScZ0k&t=1055,5,1055,1241,"जब अच्छा समय आता है, तो हम बुरे समय के लिए तैयार क्यों नहीं रहते?"
PvlQ7wScZ0k,https://www.youtube.com/watch?v=PvlQ7wScZ0k,https://www.youtube.com/watch?v=PvlQ7wScZ0k&t=1241,6,1241,1503,क्या करूं कि किसी के लिए द्वेष की भावना न आए?
PvlQ7wScZ0k,https://www.youtube.com/watch?v=PvlQ7wScZ0k,https://www.youtube.com/watch?v=PvlQ7wScZ0k&t=1503,7,1503,1825,पूज्य भाईजी महाराज के चरण छूते ही राधा बाबा की मनःस्थिति क्यों और कैसे बदल गई?
PvlQ7wScZ0k,https://www.youtube.com/watch?v=PvlQ7wScZ0k,https://www.youtube.com/watch?v=PvlQ7wScZ0k&t=1825,8,1825,2402,प्रेम प्राप्त करना चाहते हों तो क्या करें?
Uv9hn_9yEpg,https://www.youtube.com/watch?v=Uv9hn_9yEpg,https://www.youtube.com/watch?v=Uv9hn_9yEpg&t=0,1,0,175,राधा नाम
Uv9hn_9yEpg,https://www.youtube.com/watch?v=Uv9hn_9yEpg,https://www.youtube.com/watch?v=Uv9hn_9yEpg&t=175,2,175,530,परम विश्राम की स्थिति क्या है? क्या आपने इसे अनुभव किया है?
Uv9hn_9yEpg,https://www.youtube.com/watch?v=Uv9hn_9yEpg,https://www.youtube.com/watch?v=Uv9hn_9yEpg&t=530,3,530,685,"सुख में मिलने वाले हर्षरूपी विकार का त्याग कर देना चाहिए, इसका क्या अर्थ है?"
Uv9hn_9yEpg,https://www.youtube.com/watch?v=Uv9hn_9yEpg,https://www.youtube.com/watch?v=Uv9hn_9yEpg&t=685,4,685,789,"क्या जब शिष्य पर कृपा होती है, तो आपको पता चलता है?"
Uv9hn_9yEpg,https://www.youtube.com/watch?v=Uv9hn_9yEpg,https://www.youtube.com/watch?v=Uv9hn_9yEpg&t=789,5,789,1418,परमानंद की स्थिति क्या है?
Uv9hn_9yEpg,https://www.youtube.com/watch?v=Uv9hn_9yEpg,https://www.youtube.com/watch?v=Uv9hn_9yEpg&t=1418,6,1418,1506,"क्या प्रबल प्रारब्ध की वजह से नाम जप का प्रभाव अनुभव में न आए, ऐसा हो सकता है?"
Uv9hn_9yEpg,https://www.youtube.com/watch?v=Uv9hn_9yEpg,https://www.youtube.com/watch?v=Uv9hn_9yEpg&t=1506,7,1506,1578,"मन में जो भी इच्छा आती है उसे पूरा कर लेती हूं, पर फिर भी मन में अशांति सी बनी रहती है।"
Uv9hn_9yEpg,https://www.youtube.com/watch?v=Uv9hn_9yEpg,https://www.youtube.com/watch?v=Uv9hn_9yEpg&t=1578,8,1578,1798,स्वरूप क्या है और इस पर कैसे स्थित हों?
Uv9hn_9yEpg,https://www.youtube.com/watch?v=Uv9hn_9yEpg,https://www.youtube.com/watch?v=Uv9hn_9yEpg&t=1798,9,1798,2170,"क्या जिन साधकों को लगता है कि उन्हें भगवत्साक्षात्कार हो गया है, यह उनका भ्रम है?"
Uv9hn_9yEpg,https://www.youtube.com/watch?v=Uv9hn_9yEpg,https://www.youtube.com/watch?v=Uv9hn_9yEpg&t=2170,10,2170,2232,बाल योगी सूरज दास जी ने महाराज जी से क्या प्रश्न किया?
HzyxJqYrGTw,https://www.youtube.com/watch?v=HzyxJqYrGTw,https://www.youtube.com/watch?v=HzyxJqYrGTw&t=0,1,0,177,राधा नाम
HzyxJqYrGTw,https://www.youtube.com/watch?v=HzyxJqYrGTw,https://www.youtube.com/watch?v=HzyxJqYrGTw&t=177,2,177,705,आज पहला प्रश्न हम करेंगे।
HzyxJqYrGTw,https://www.youtube.com/watch?v=HzyxJqYrGTw,https://www.youtube.com/watch?v=HzyxJqYrGTw&t=705,3,705,805,हमें कैसे पता चलेगा कि हमें भगवद प्राप्ति हो गई है?
HzyxJqYrGTw,https://www.youtube.com/watch?v=HzyxJqYrGTw,https://www.youtube.com/watch?v=HzyxJqYrGTw&t=805,4,805,973,साधक के लिए मन की स्थिरता या व्याकुलता में से क्या ज़्यादा सहायक है?
HzyxJqYrGTw,https://www.youtube.com/watch?v=HzyxJqYrGTw,https://www.youtube.com/watch?v=HzyxJqYrGTw&t=973,5,973,1178,अव्यभिचारिणी भक्ति क्या है?
HzyxJqYrGTw,https://www.youtube.com/watch?v=HzyxJqYrGTw,https://www.youtube.com/watch?v=HzyxJqYrGTw&t=1178,6,1178,1267,"कुसंगवश अंदर से जब टूट जाते हैं, तो इससे कैसे बचें?"
HzyxJqYrGTw,https://www.youtube.com/watch?v=HzyxJqYrGTw,https://www.youtube.com/watch?v=HzyxJqYrGTw&t=1267,7,1267,1381,"आज की युवा पीढ़ी गुरुजनों के बलिदान और त्याग को भूलती जा रही है, उन्हें वापस कैसे याद दिलाएं?"
HzyxJqYrGTw,https://www.youtube.com/watch?v=HzyxJqYrGTw,https://www.youtube.com/watch?v=HzyxJqYrGTw&t=1381,8,1381,1530,क्या कारण है कि कुछ दिनों बाद वापस प्राणवायु स्थूल होने लगती है?
HzyxJqYrGTw,https://www.youtube.com/watch?v=HzyxJqYrGTw,https://www.youtube.com/watch?v=HzyxJqYrGTw&t=1530,9,1530,1630,"पत्नी, माता, पिता और बच्चों का अपमान किया, वापस सुधरना चाहता हूं।"
HzyxJqYrGTw,https://www.youtube.com/watch?v=HzyxJqYrGTw,https://www.youtube.com/watch?v=HzyxJqYrGTw&t=1630,10,1630,1697,पढ़े-लिखे होने के अहंकार से कैसे बचें?
HzyxJqYrGTw,https://www.youtube.com/watch?v=HzyxJqYrGTw,https://www.youtube.com/watch?v=HzyxJqYrGTw&t=1697,11,1697,2040,नवधा भक्ति की नौवीं भक्ति क्या है? स्वीकृति और समर्पण का गूढ़ रहस्य!
HzyxJqYrGTw,https://www.youtube.com/watch?v=HzyxJqYrGTw,https://www.youtube.com/watch?v=HzyxJqYrGTw&t=2040,12,2040,2261,"भगवत्प्राप्त महापुरुषों, जैसे दुर्वासा आदि ऋषियों में भी काम-क्रोध का प्रभाव क्यों देखा गया?"
HzyxJqYrGTw,https://www.youtube.com/watch?v=HzyxJqYrGTw,https://www.youtube.com/watch?v=HzyxJqYrGTw&t=2261,13,2261,2422,"भक्ति मार्ग में चलते ही कंचन, कामिनी, कीर्ति इतनी तीव्र गति से क्यों आने लगते हैं?"
eR8jnDP7uXc,https://www.youtube.com/watch?v=eR8jnDP7uXc,https://www.youtube.com/watch?v=eR8jnDP7uXc&t=0,1,0,180,राधा नाम
eR8jnDP7uXc,https://www.youtube.com/watch?v=eR8jnDP7uXc,https://www.youtube.com/watch?v=eR8jnDP7uXc&t=180,2,180,1082,प्रेम प्राप्ति में सबसे बड़ा बाधक क्या है?
eR8jnDP7uXc,https://www.youtube.com/watch?v=eR8jnDP7uXc,https://www.youtube.com/watch?v=eR8jnDP7uXc&t=1082,3,1082,1693,"भोगों का थोड़ा भी सान्निध्य मन को वश में कर लेता है, पर नाम जप कितना भी कर लो मन नहीं लगता, ऐसा क्यों?"
eR8jnDP7uXc,https://www.youtube.com/watch?v=eR8jnDP7uXc,https://www.youtube.com/watch?v=eR8jnDP7uXc&t=1693,4,1693,1883,"वास्तविक सुख तो भगवान के मिलन और दर्शन में ही है, तो साधक मोक्ष क्यों चाहता है?"
eR8jnDP7uXc,https://www.youtube.com/watch?v=eR8jnDP7uXc,https://www.youtube.com/watch?v=eR8jnDP7uXc&t=1883,5,1883,2123,खुद को और दूसरों को माफ करने का क्या नजरिया होना चाहिए?
eR8jnDP7uXc,https://www.youtube.com/watch?v=eR8jnDP7uXc,https://www.youtube.com/watch?v=eR8jnDP7uXc&t=2123,6,2123,2356,क्या मुक्ति के लिए संन्यास आवश्यक है? और क्या भोग भोगते हुए भगवत्प्राप्ति हो जाएगी?
sGA3Frs3tpU,https://www.youtube.com/watch?v=sGA3Frs3tpU,https://www.youtube.com/watch?v=sGA3Frs3tpU&t=0,1,0,178,राधा नाम
sGA3Frs3tpU,https://www.youtube.com/watch?v=sGA3Frs3tpU,https://www.youtube.com/watch?v=sGA3Frs3tpU&t=178,2,178,1384,जीवन में हर समय प्रसन्न रहने का क्या उपाय है?
sGA3Frs3tpU,https://www.youtube.com/watch?v=sGA3Frs3tpU,https://www.youtube.com/watch?v=sGA3Frs3tpU&t=1384,3,1384,1461,"भगवद चिंतन करते-करते कब विषय-चिंतन करने लगते हैं, पता नहीं चलता।"
sGA3Frs3tpU,https://www.youtube.com/watch?v=sGA3Frs3tpU,https://www.youtube.com/watch?v=sGA3Frs3tpU&t=1461,4,1461,1739,"10,000 वर्षों की तपस्या का फल 24 घंटे में प्राप्त करने की विधि क्या है?"
9N0mzLHY8TI,https://www.youtube.com/watch?v=9N0mzLHY8TI,https://www.youtube.com/watch?v=9N0mzLHY8TI&t=0,1,0,174,राधा नाम
9N0mzLHY8TI,https://www.youtube.com/watch?v=9N0mzLHY8TI,https://www.youtube.com/watch?v=9N0mzLHY8TI&t=174,2,174,257,मुझे कल्कि अवतार और उनके द्वारा दुष्टों का संहार देखना है।
9N0mzLHY8TI,https://www.youtube.com/watch?v=9N0mzLHY8TI,https://www.youtube.com/watch?v=9N0mzLHY8TI&t=257,3,257,706,शरणागति की शुरुआत और पूर्णता कहां होती है?
9N0mzLHY8TI,https://www.youtube.com/watch?v=9N0mzLHY8TI,https://www.youtube.com/watch?v=9N0mzLHY8TI&t=706,4,706,991,"सतोगुण, रजोगुण और तमोगुण पर विजय प्राप्त करना चाहता हूं।"
9N0mzLHY8TI,https://www.youtube.com/watch?v=9N0mzLHY8TI,https://www.youtube.com/watch?v=9N0mzLHY8TI&t=991,5,991,1037,ऐसा क्या करूं कि मेरे अंदर श्रीजी से मिलने की इच्छा प्रकट हो?
9N0mzLHY8TI,https://www.youtube.com/watch?v=9N0mzLHY8TI,https://www.youtube.com/watch?v=9N0mzLHY8TI&t=1037,6,1037,1107,क्या साधना मार्ग में बार-बार गिरना भी उन्नति का संकेत हो सकता है?
9N0mzLHY8TI,https://www.youtube.com/watch?v=9N0mzLHY8TI,https://www.youtube.com/watch?v=9N0mzLHY8TI&t=1107,7,1107,1349,"""गुरु मेहरबान तो चेला पहलवान"", इसका सही अर्थ और रहस्य क्या है?"
9N0mzLHY8TI,https://www.youtube.com/watch?v=9N0mzLHY8TI,https://www.youtube.com/watch?v=9N0mzLHY8TI&t=1349,8,1349,1810,"भगवान भक्त का सब कुछ छीन लेते हैं, तो फिर संसार में उसका काम कैसे चलेगा?"
RbJhCx8zEs4,https://www.youtube.com/watch?v=RbJhCx8zEs4,https://www.youtube.com/watch?v=RbJhCx8zEs4&t=0,1,0,174,राधा नाम
RbJhCx8zEs4,https://www.youtube.com/watch?v=RbJhCx8zEs4,https://www.youtube.com/watch?v=RbJhCx8zEs4&t=174,2,174,1062,सच्चा समर्पण क्या है?
RbJhCx8zEs4,https://www.youtube.com/watch?v=RbJhCx8zEs4,https://www.youtube.com/watch?v=RbJhCx8zEs4&t=1062,3,1062,1252,अपनी सारी इच्छाओं और कामनाओं को प्रभु से कैसे जोड़ें?
RbJhCx8zEs4,https://www.youtube.com/watch?v=RbJhCx8zEs4,https://www.youtube.com/watch?v=RbJhCx8zEs4&t=1252,4,1252,1624,"""शरणागत होकर अपनी चिंता करना शरणागति पर कलंक है"", इसका क्या अर्थ है?"
RbJhCx8zEs4,https://www.youtube.com/watch?v=RbJhCx8zEs4,https://www.youtube.com/watch?v=RbJhCx8zEs4&t=1624,5,1624,2345,मेरे अंदर बहुत सारी इच्छाएं हैं मैं चाहता हूंकि वे सारी पूर्ण हो जाएं!
q9UbKWHETjw,https://www.youtube.com/watch?v=q9UbKWHETjw,https://www.youtube.com/watch?v=q9UbKWHETjw&t=0,1,0,184,राधा नाम
q9UbKWHETjw,https://www.youtube.com/watch?v=q9UbKWHETjw,https://www.youtube.com/watch?v=q9UbKWHETjw&t=184,2,184,587,संत मार्ग से भगवत्प्राप्ति होती है तो गृहस्थ मार्ग की क्या आवश्यकता?
q9UbKWHETjw,https://www.youtube.com/watch?v=q9UbKWHETjw,https://www.youtube.com/watch?v=q9UbKWHETjw&t=587,3,587,887,मानसिक और पश्यंती में नाम चलने की स्थिति क्या होती है?
q9UbKWHETjw,https://www.youtube.com/watch?v=q9UbKWHETjw,https://www.youtube.com/watch?v=q9UbKWHETjw&t=887,4,887,1007,एक बात जो हमें भगवत मार्ग से भ्रष्ट कर देगी या हमें भगवत मार्ग में लगा देगी।
q9UbKWHETjw,https://www.youtube.com/watch?v=q9UbKWHETjw,https://www.youtube.com/watch?v=q9UbKWHETjw&t=1007,5,1007,1272,"हित जू की रीति लाखों में कोई एक जान पाता है, तो हम लोगों को कैसे प्राप्त होगी?"
q9UbKWHETjw,https://www.youtube.com/watch?v=q9UbKWHETjw,https://www.youtube.com/watch?v=q9UbKWHETjw&t=1272,6,1272,1409,भक्ति मार्ग पर आने पर स्वयं में एक अहंकार आ जाता है कि हम दूसरों से श्रेष्ठ हैं।
q9UbKWHETjw,https://www.youtube.com/watch?v=q9UbKWHETjw,https://www.youtube.com/watch?v=q9UbKWHETjw&t=1409,7,1409,1576,पोस्टिंग की वजह से मन दुखी है कि मेरा ब्रजवास छूट जाएगा।
q9UbKWHETjw,https://www.youtube.com/watch?v=q9UbKWHETjw,https://www.youtube.com/watch?v=q9UbKWHETjw&t=1576,8,1576,1715,पवित्रता पर अधिक जोर देने पर भक्ति प्रभावित हो जाती है।
q9UbKWHETjw,https://www.youtube.com/watch?v=q9UbKWHETjw,https://www.youtube.com/watch?v=q9UbKWHETjw&t=1715,9,1715,1800,"मृत्यु के भय से भजन करता हूं, क्या सही है?"
q9UbKWHETjw,https://www.youtube.com/watch?v=q9UbKWHETjw,https://www.youtube.com/watch?v=q9UbKWHETjw&t=1800,10,1800,2091,साधक के जीवन का वह दिन कैसा होता है जब उसके जन्मों की प्रतीक्षा समाप्त हो जाती है?
q9UbKWHETjw,https://www.youtube.com/watch?v=q9UbKWHETjw,https://www.youtube.com/watch?v=q9UbKWHETjw&t=2091,11,2091,2631,सब सुख-सुविधाएं होने के बाद भी मानसिक शांति न होने का क्या कारण है?
zUiNI0SM-Vk,https://www.youtube.com/watch?v=zUiNI0SM-Vk,https://www.youtube.com/watch?v=zUiNI0SM-Vk&t=0,1,0,170,राधा नाम
zUiNI0SM-Vk,https://www.youtube.com/watch?v=zUiNI0SM-Vk,https://www.youtube.com/watch?v=zUiNI0SM-Vk&t=170,2,170,402,"अगर हम अन्न-जल छोड़ दें, तो क्या भगवान मिल जाएंगे?"
zUiNI0SM-Vk,https://www.youtube.com/watch?v=zUiNI0SM-Vk,https://www.youtube.com/watch?v=zUiNI0SM-Vk&t=402,3,402,729,"अनंत जन्मों के संस्कारवश जब साधक हार जाता है, तो उस स्थिति में साधक क्या करे?"
zUiNI0SM-Vk,https://www.youtube.com/watch?v=zUiNI0SM-Vk,https://www.youtube.com/watch?v=zUiNI0SM-Vk&t=729,4,729,1041,"जीवन में दुख और कठिनाइयां आती हैं, तो उन्हें कैसे सहें?"
zUiNI0SM-Vk,https://www.youtube.com/watch?v=zUiNI0SM-Vk,https://www.youtube.com/watch?v=zUiNI0SM-Vk&t=1041,5,1041,1246,"भक्ति में ""मैं"" नहीं रह जाता तो जब महापुरुष रुदन करते हैं तो वो रुदन कौन करता है?"
zUiNI0SM-Vk,https://www.youtube.com/watch?v=zUiNI0SM-Vk,https://www.youtube.com/watch?v=zUiNI0SM-Vk&t=1246,6,1246,1333,क्या गुरु भी प्रारब्ध से मिलते हैं?
zUiNI0SM-Vk,https://www.youtube.com/watch?v=zUiNI0SM-Vk,https://www.youtube.com/watch?v=zUiNI0SM-Vk&t=1333,7,1333,1929,मुझे सम्पूर्ण गीताजी के श्लोक कंठस्थ हो गए हैं किंतु उनका अर्थ समझ में नहीं आ रहा।
O8lvw7fdxto,https://www.youtube.com/watch?v=O8lvw7fdxto,https://www.youtube.com/watch?v=O8lvw7fdxto&t=0,1,0,178,राधा नाम
O8lvw7fdxto,https://www.youtube.com/watch?v=O8lvw7fdxto,https://www.youtube.com/watch?v=O8lvw7fdxto&t=178,2,178,473,"महाभारत तो 18 दिन चला था, पर हमारा युद्ध तो खत्म ही नहीं हो रहा।"
O8lvw7fdxto,https://www.youtube.com/watch?v=O8lvw7fdxto,https://www.youtube.com/watch?v=O8lvw7fdxto&t=473,3,473,640,भगवद कृपा का स्वरूप क्या है?
O8lvw7fdxto,https://www.youtube.com/watch?v=O8lvw7fdxto,https://www.youtube.com/watch?v=O8lvw7fdxto&t=640,4,640,856,"भगवान से भी कुछ मांगने की चाह न रह जाए, यह स्थिति कैसे आएगी?"
O8lvw7fdxto,https://www.youtube.com/watch?v=O8lvw7fdxto,https://www.youtube.com/watch?v=O8lvw7fdxto&t=856,5,856,1014,संत और असंत में क्या अंतर है?
O8lvw7fdxto,https://www.youtube.com/watch?v=O8lvw7fdxto,https://www.youtube.com/watch?v=O8lvw7fdxto&t=1014,6,1014,1111,देहाभिमान पूर्णतः गलित कब और कैसे होता है?
O8lvw7fdxto,https://www.youtube.com/watch?v=O8lvw7fdxto,https://www.youtube.com/watch?v=O8lvw7fdxto&t=1111,7,1111,1190,"मेरे पति देश के लिए शहीद हो गए, पर कभी-कभी दुख होता है।"
O8lvw7fdxto,https://www.youtube.com/watch?v=O8lvw7fdxto,https://www.youtube.com/watch?v=O8lvw7fdxto&t=1190,8,1190,1285,तत्व दृष्टि क्या होती है?
O8lvw7fdxto,https://www.youtube.com/watch?v=O8lvw7fdxto,https://www.youtube.com/watch?v=O8lvw7fdxto&t=1285,9,1285,1412,"जब हम सब कुछ भगवान पर छोड़ देते हैं, तो हमारा कर्तव्य क्या रह जाता है?"
O8lvw7fdxto,https://www.youtube.com/watch?v=O8lvw7fdxto,https://www.youtube.com/watch?v=O8lvw7fdxto&t=1412,10,1412,1649,सब धर्मों को छोड़कर भगवान की शरण में जाने का क्या अर्थ है?
O8lvw7fdxto,https://www.youtube.com/watch?v=O8lvw7fdxto,https://www.youtube.com/watch?v=O8lvw7fdxto&t=1649,11,1649,1805,कभी-कभी माया गिरा देती है जिससे बहुत जलन होती है। इससे कैसे बाहर आएं?
O8lvw7fdxto,https://www.youtube.com/watch?v=O8lvw7fdxto,https://www.youtube.com/watch?v=O8lvw7fdxto&t=1805,12,1805,2160,आचार्य लोकेश मुनि जी और पूज्य महाराज जी के बीच क्या वार्तालाप हुआ?
O8lvw7fdxto,https://www.youtube.com/watch?v=O8lvw7fdxto,https://www.youtube.com/watch?v=O8lvw7fdxto&t=2160,13,2160,2756,श्री विष्णुकान्त शास्त्री जी और मृदुलकान्त शास्त्री जी से महाराज जी की क्या वार्ता हुई?
Ohf8_V5TAaM,https://www.youtube.com/watch?v=Ohf8_V5TAaM,https://www.youtube.com/watch?v=Ohf8_V5TAaM&t=0,1,0,183,राधा नाम
Ohf8_V5TAaM,https://www.youtube.com/watch?v=Ohf8_V5TAaM,https://www.youtube.com/watch?v=Ohf8_V5TAaM&t=183,2,183,408,माया से कैसे बचूं? मेरी पत्नी का नाम भी माया है।
Ohf8_V5TAaM,https://www.youtube.com/watch?v=Ohf8_V5TAaM,https://www.youtube.com/watch?v=Ohf8_V5TAaM&t=408,3,408,571,'सब कै ममता ताग बटोरी...' इस पद का अर्थ क्या है?
Ohf8_V5TAaM,https://www.youtube.com/watch?v=Ohf8_V5TAaM,https://www.youtube.com/watch?v=Ohf8_V5TAaM&t=571,4,571,671,देहाभिमान और आत्म-सम्मान में क्या अंतर है?
Ohf8_V5TAaM,https://www.youtube.com/watch?v=Ohf8_V5TAaM,https://www.youtube.com/watch?v=Ohf8_V5TAaM&t=671,5,671,792,"क्या जितना हमारा समर्पण होता है, हमें उतना ही प्रेम और दुलार अनुभव होता है?"
Ohf8_V5TAaM,https://www.youtube.com/watch?v=Ohf8_V5TAaM,https://www.youtube.com/watch?v=Ohf8_V5TAaM&t=792,6,792,974,गुरु-आज्ञा मिलने का सौभाग्य कब प्राप्त होता है?
Ohf8_V5TAaM,https://www.youtube.com/watch?v=Ohf8_V5TAaM,https://www.youtube.com/watch?v=Ohf8_V5TAaM&t=974,7,974,1247,प्रिया-प्रीतम से सच्चा प्रेम कैसे होता है?
Ohf8_V5TAaM,https://www.youtube.com/watch?v=Ohf8_V5TAaM,https://www.youtube.com/watch?v=Ohf8_V5TAaM&t=1247,8,1247,1331,भगवान और संत जनों को धन्यवाद कैसे करें?
Ohf8_V5TAaM,https://www.youtube.com/watch?v=Ohf8_V5TAaM,https://www.youtube.com/watch?v=Ohf8_V5TAaM&t=1331,9,1331,1788,College में पढ़ रही युवा पीढ़ी किस तरह अध्यात्म से जुड़कर आगे बढ़े?
Ohf8_V5TAaM,https://www.youtube.com/watch?v=Ohf8_V5TAaM,https://www.youtube.com/watch?v=Ohf8_V5TAaM&t=1788,10,1788,2327,Mahabharat के युधिष्ठिर गजेंद्र चौहान जी ने महाराज जी को क्या सुनाया?
yed25ZsyClU,https://www.youtube.com/watch?v=yed25ZsyClU,https://www.youtube.com/watch?v=yed25ZsyClU&t=0,1,0,153,राधा नाम
yed25ZsyClU,https://www.youtube.com/watch?v=yed25ZsyClU,https://www.youtube.com/watch?v=yed25ZsyClU&t=153,2,153,262,"महाराज जी, आप इतने क्यूट कैसे हो?"
yed25ZsyClU,https://www.youtube.com/watch?v=yed25ZsyClU,https://www.youtube.com/watch?v=yed25ZsyClU&t=262,3,262,421,करोड़ों जितेंद्रिय पुरुष भी एक विषयी अनन्य भक्त की बराबरी क्यों नहीं कर सकते?
yed25ZsyClU,https://www.youtube.com/watch?v=yed25ZsyClU,https://www.youtube.com/watch?v=yed25ZsyClU&t=421,4,421,640,झूठी भक्ति और सच्ची भक्ति में क्या अंतर है?
yed25ZsyClU,https://www.youtube.com/watch?v=yed25ZsyClU,https://www.youtube.com/watch?v=yed25ZsyClU&t=640,5,640,938,भगवत्प्राप्त महापुरुष को कैसे पहचानें?
yed25ZsyClU,https://www.youtube.com/watch?v=yed25ZsyClU,https://www.youtube.com/watch?v=yed25ZsyClU&t=938,6,938,1120,गुरु चरणों में साक्षात इष्ट की भावना कैसे करें और एक आदर्श शिष्य की क्या गुण हैं?
yed25ZsyClU,https://www.youtube.com/watch?v=yed25ZsyClU,https://www.youtube.com/watch?v=yed25ZsyClU&t=1120,7,1120,1184,पूर्ण आत्मसमर्पण का क्या अर्थ होता है?
yed25ZsyClU,https://www.youtube.com/watch?v=yed25ZsyClU,https://www.youtube.com/watch?v=yed25ZsyClU&t=1184,8,1184,1433,मैं कौन हूँ? क्या जो आप हो वही मैं हूँ।
yed25ZsyClU,https://www.youtube.com/watch?v=yed25ZsyClU,https://www.youtube.com/watch?v=yed25ZsyClU&t=1433,9,1433,1508,यदि साधना में रस न आए तो क्या समझे?
yed25ZsyClU,https://www.youtube.com/watch?v=yed25ZsyClU,https://www.youtube.com/watch?v=yed25ZsyClU&t=1508,10,1508,1694,"जबसे दिमाग की सर्जरी हुई है, तब से भजन सही नहीं चल रहा है।"
yed25ZsyClU,https://www.youtube.com/watch?v=yed25ZsyClU,https://www.youtube.com/watch?v=yed25ZsyClU&t=1694,11,1694,2271,"महाराज जी, आपके जीवन का कोई अनुभव जो आप सबको बांटना चाहोगे?"
QhsWfTuirZE,https://www.youtube.com/watch?v=QhsWfTuirZE,https://www.youtube.com/watch?v=QhsWfTuirZE&t=0,1,0,176,राधा नाम
QhsWfTuirZE,https://www.youtube.com/watch?v=QhsWfTuirZE,https://www.youtube.com/watch?v=QhsWfTuirZE&t=176,2,176,464,"ज्यादा साधन नहीं, फिर भी अंदर निर्भरता हो तो क्या यह कृपा है?"
QhsWfTuirZE,https://www.youtube.com/watch?v=QhsWfTuirZE,https://www.youtube.com/watch?v=QhsWfTuirZE&t=464,3,464,731,दुख आने पर साधक को कैसी भावना रखनी चाहिए?
QhsWfTuirZE,https://www.youtube.com/watch?v=QhsWfTuirZE,https://www.youtube.com/watch?v=QhsWfTuirZE&t=731,4,731,984,वृंदावन और निज वृंदावन में क्या अंतर है?
QhsWfTuirZE,https://www.youtube.com/watch?v=QhsWfTuirZE,https://www.youtube.com/watch?v=QhsWfTuirZE&t=984,5,984,1524,गृहस्थ में रहते हुए जनक जी जैसी स्थिति कैसे आएगी?
QhsWfTuirZE,https://www.youtube.com/watch?v=QhsWfTuirZE,https://www.youtube.com/watch?v=QhsWfTuirZE&t=1524,6,1524,1763,सबसे श्रेष्ठ भक्ति कौन-सी है?
QhsWfTuirZE,https://www.youtube.com/watch?v=QhsWfTuirZE,https://www.youtube.com/watch?v=QhsWfTuirZE&t=1763,7,1763,1831,संसार में सोया हुआ और जागा हुआ व्यक्ति कौन है?
QhsWfTuirZE,https://www.youtube.com/watch?v=QhsWfTuirZE,https://www.youtube.com/watch?v=QhsWfTuirZE&t=1831,8,1831,1936,भक्त के लिए सबसे बढ़ी बाधा क्या है ?
QhsWfTuirZE,https://www.youtube.com/watch?v=QhsWfTuirZE,https://www.youtube.com/watch?v=QhsWfTuirZE&t=1936,9,1936,2036,गुरु चरणों की सेवा क्या कर्मों से मिलती है या प्रयास से?
QhsWfTuirZE,https://www.youtube.com/watch?v=QhsWfTuirZE,https://www.youtube.com/watch?v=QhsWfTuirZE&t=2036,10,2036,2243,भगवान के लिए वैसी बेचैनी नहीं है जैसी होनी चाहिए।
QhsWfTuirZE,https://www.youtube.com/watch?v=QhsWfTuirZE,https://www.youtube.com/watch?v=QhsWfTuirZE&t=2243,11,2243,2685,गुरु कृपा से प्राप्त सम्मान और ऐश्वर्य को कैसे पचाएँ?
QhsWfTuirZE,https://www.youtube.com/watch?v=QhsWfTuirZE,https://www.youtube.com/watch?v=QhsWfTuirZE&t=2685,12,2685,2770,सेवा और साधन में से क्या प्रधान होना चाहिए?
QhsWfTuirZE,https://www.youtube.com/watch?v=QhsWfTuirZE,https://www.youtube.com/watch?v=QhsWfTuirZE&t=2770,13,2770,2878,ऐसा क्या करूँ कि श्रीजी को प्रसन्न कर लूँ?
QhsWfTuirZE,https://www.youtube.com/watch?v=QhsWfTuirZE,https://www.youtube.com/watch?v=QhsWfTuirZE&t=2878,14,2878,3310,क्या कुंडलिनी जागृत होना ही जीवनमुक्त अवस्था है ?
QhsWfTuirZE,https://www.youtube.com/watch?v=QhsWfTuirZE,https://www.youtube.com/watch?v=QhsWfTuirZE&t=3310,15,3310,4194,भगवान की इच्छा से दुनिया बनी तो भगवान में यह इच्छा क्यों हुई?
jU2hSAWyrlg,https://www.youtube.com/watch?v=jU2hSAWyrlg,https://www.youtube.com/watch?v=jU2hSAWyrlg&t=0,1,0,184,राधा नाम
jU2hSAWyrlg,https://www.youtube.com/watch?v=jU2hSAWyrlg,https://www.youtube.com/watch?v=jU2hSAWyrlg&t=184,2,184,237,"महाराज जी, आप सबकी लंबी जटाएं क्यों हैं?"
jU2hSAWyrlg,https://www.youtube.com/watch?v=jU2hSAWyrlg,https://www.youtube.com/watch?v=jU2hSAWyrlg&t=237,3,237,398,भगवान से मिलने में सबसे बड़ी बाधा क्या है और इसको कैसे मिटाएं?
jU2hSAWyrlg,https://www.youtube.com/watch?v=jU2hSAWyrlg,https://www.youtube.com/watch?v=jU2hSAWyrlg&t=398,4,398,546,आत्मसाक्षात्कार क्या है?
jU2hSAWyrlg,https://www.youtube.com/watch?v=jU2hSAWyrlg,https://www.youtube.com/watch?v=jU2hSAWyrlg&t=546,5,546,656,बुद्धि की तर्कपूर्ण अटकलें कैसे बंद हों?
jU2hSAWyrlg,https://www.youtube.com/watch?v=jU2hSAWyrlg,https://www.youtube.com/watch?v=jU2hSAWyrlg&t=656,6,656,721,क्या तत्वबोध होने के बाद भी माया गिरा सकती है?
jU2hSAWyrlg,https://www.youtube.com/watch?v=jU2hSAWyrlg,https://www.youtube.com/watch?v=jU2hSAWyrlg&t=721,7,721,1002,क्या त्राटक क्रिया के अभ्यास से सभी भोगों से वैराग्य हो सकता है?
jU2hSAWyrlg,https://www.youtube.com/watch?v=jU2hSAWyrlg,https://www.youtube.com/watch?v=jU2hSAWyrlg&t=1002,8,1002,1055,दीक्षा का वास्तविक अर्थ क्या है?
jU2hSAWyrlg,https://www.youtube.com/watch?v=jU2hSAWyrlg,https://www.youtube.com/watch?v=jU2hSAWyrlg&t=1055,9,1055,1228,"साधक के भ्रष्ट होने पर जब दोबारा जन्म होता है, तो क्या वह उसका आखिरी जन्म होता है?"
jU2hSAWyrlg,https://www.youtube.com/watch?v=jU2hSAWyrlg,https://www.youtube.com/watch?v=jU2hSAWyrlg&t=1228,10,1228,1783,क्या हम धन की तरह ही नाम रूपी धन से भी सब कुछ खरीद सकते हैं?
jU2hSAWyrlg,https://www.youtube.com/watch?v=jU2hSAWyrlg,https://www.youtube.com/watch?v=jU2hSAWyrlg&t=1783,11,1783,2481,दिव्यांग बच्चों द्वारा सुंदर भावपूर्ण प्रस्तुति!
mS-MK_MPqJA,https://www.youtube.com/watch?v=mS-MK_MPqJA,https://www.youtube.com/watch?v=mS-MK_MPqJA&t=0,1,0,175,राधा नाम
mS-MK_MPqJA,https://www.youtube.com/watch?v=mS-MK_MPqJA,https://www.youtube.com/watch?v=mS-MK_MPqJA&t=175,2,175,252,अपार धन को भगवान को समर्पित कर देने से क्या भगवत्-प्राप्ति हो जाएगी?
mS-MK_MPqJA,https://www.youtube.com/watch?v=mS-MK_MPqJA,https://www.youtube.com/watch?v=mS-MK_MPqJA&t=252,3,252,536,मैं और मेरेपन का विस्मरण कैसे हो?
mS-MK_MPqJA,https://www.youtube.com/watch?v=mS-MK_MPqJA,https://www.youtube.com/watch?v=mS-MK_MPqJA&t=536,4,536,657,भगवान-तत्व और जीव-तत्व में क्या भेद है?
mS-MK_MPqJA,https://www.youtube.com/watch?v=mS-MK_MPqJA,https://www.youtube.com/watch?v=mS-MK_MPqJA&t=657,5,657,830,तत्व क्या होता है?
mS-MK_MPqJA,https://www.youtube.com/watch?v=mS-MK_MPqJA,https://www.youtube.com/watch?v=mS-MK_MPqJA&t=830,6,830,1052,दो गुरुओं के उपदेश अलग-अलग हों तो क्या करें?
mS-MK_MPqJA,https://www.youtube.com/watch?v=mS-MK_MPqJA,https://www.youtube.com/watch?v=mS-MK_MPqJA&t=1052,7,1052,1302,"जब परिवार पर दुख और तकलीफ़ आई हो, उस समय भक्ति दृढ़ कैसे बनाए रखें?"
mS-MK_MPqJA,https://www.youtube.com/watch?v=mS-MK_MPqJA,https://www.youtube.com/watch?v=mS-MK_MPqJA&t=1302,8,1302,1604,"जब अंतरात्मा कहे कि अभियुक्त निर्दोष है, पर गवाह और साक्ष्य उसके विरुद्ध हों, तो क्या करें?"
mS-MK_MPqJA,https://www.youtube.com/watch?v=mS-MK_MPqJA,https://www.youtube.com/watch?v=mS-MK_MPqJA&t=1604,9,1604,1897,आत्मा में अज्ञान और अविद्या कहाँ से आई?
mS-MK_MPqJA,https://www.youtube.com/watch?v=mS-MK_MPqJA,https://www.youtube.com/watch?v=mS-MK_MPqJA&t=1897,10,1897,2028,बुरी आदतों पर विजय कैसे प्राप्त करें?
mS-MK_MPqJA,https://www.youtube.com/watch?v=mS-MK_MPqJA,https://www.youtube.com/watch?v=mS-MK_MPqJA&t=2028,11,2028,2112,दुःख कैसे समाप्त होगा?
mS-MK_MPqJA,https://www.youtube.com/watch?v=mS-MK_MPqJA,https://www.youtube.com/watch?v=mS-MK_MPqJA&t=2112,12,2112,2243,मृत्यु के समय भक्त की मनःस्थिति कैसी होनी चाहिए?
mS-MK_MPqJA,https://www.youtube.com/watch?v=mS-MK_MPqJA,https://www.youtube.com/watch?v=mS-MK_MPqJA&t=2243,13,2243,2602,"क्या बदलने की आवश्यकता है, जिससे संकल्प ही जीवन बन जाए?"
mS-MK_MPqJA,https://www.youtube.com/watch?v=mS-MK_MPqJA,https://www.youtube.com/watch?v=mS-MK_MPqJA&t=2602,14,2602,2965,"आप इतने अस्वस्थ होते हुए भी प्रवचन क्यों करते हैं, आप विश्राम क्यों नहीं करते?"
mS-MK_MPqJA,https://www.youtube.com/watch?v=mS-MK_MPqJA,https://www.youtube.com/watch?v=mS-MK_MPqJA&t=2965,15,2965,3908,सभी आने वाले नए वर्ष में कौन-कौन से नियम लें ?
y94Q3GZk9k4,https://www.youtube.com/watch?v=y94Q3GZk9k4,https://www.youtube.com/watch?v=y94Q3GZk9k4&t=0,1,0,173,राधा नाम
y94Q3GZk9k4,https://www.youtube.com/watch?v=y94Q3GZk9k4,https://www.youtube.com/watch?v=y94Q3GZk9k4&t=173,2,173,593,ऐसी कौन-सी तपस्या या साधना करूँ कि भगवान स्वयं वरदान देने आएँ?
y94Q3GZk9k4,https://www.youtube.com/watch?v=y94Q3GZk9k4,https://www.youtube.com/watch?v=y94Q3GZk9k4&t=593,3,593,711,"जब भक्त स्वयं को छुपाना चाहता है, तो भगवान उसे उतना ही प्रकाशित क्यों करते हैं?"
y94Q3GZk9k4,https://www.youtube.com/watch?v=y94Q3GZk9k4,https://www.youtube.com/watch?v=y94Q3GZk9k4&t=711,4,711,944,वैराग्य क्या है ?
y94Q3GZk9k4,https://www.youtube.com/watch?v=y94Q3GZk9k4,https://www.youtube.com/watch?v=y94Q3GZk9k4&t=944,5,944,1097,"जो दृढ़ता और वैराग्य होना चाहिए, वह नहीं आ रहा। क्या करूँ?"
y94Q3GZk9k4,https://www.youtube.com/watch?v=y94Q3GZk9k4,https://www.youtube.com/watch?v=y94Q3GZk9k4&t=1097,6,1097,1192,जाने-अनजाने में हुए पापों से कैसे बचें?
y94Q3GZk9k4,https://www.youtube.com/watch?v=y94Q3GZk9k4,https://www.youtube.com/watch?v=y94Q3GZk9k4&t=1192,7,1192,1392,दिल और दिमाग को एक दिशा में कैसे लगाएँ?
y94Q3GZk9k4,https://www.youtube.com/watch?v=y94Q3GZk9k4,https://www.youtube.com/watch?v=y94Q3GZk9k4&t=1392,8,1392,1451,नौकरी छोड़कर भक्ति में लगना क्या कायरता होगी?
y94Q3GZk9k4,https://www.youtube.com/watch?v=y94Q3GZk9k4,https://www.youtube.com/watch?v=y94Q3GZk9k4&t=1451,9,1451,1659,बच्चों को कुश्ती सिखाते हुए कभी-कभी डाँटना भी पड़ता है। क्या यह पाप तो नहीं है?
y94Q3GZk9k4,https://www.youtube.com/watch?v=y94Q3GZk9k4,https://www.youtube.com/watch?v=y94Q3GZk9k4&t=1659,10,1659,1699,"अगर चौरासी जी के पाठ को जगत-मंगल के लिए समर्पित कर दें, तो क्या सबको भगवत्प्राप्ति हो जाएगी?"
y94Q3GZk9k4,https://www.youtube.com/watch?v=y94Q3GZk9k4,https://www.youtube.com/watch?v=y94Q3GZk9k4&t=1699,11,1699,1870,क्या हमारे सारे निर्णय पूर्व से निर्धारित हैं?
y94Q3GZk9k4,https://www.youtube.com/watch?v=y94Q3GZk9k4,https://www.youtube.com/watch?v=y94Q3GZk9k4&t=1870,12,1870,2035,विचार-शून्यता क्या है?
y94Q3GZk9k4,https://www.youtube.com/watch?v=y94Q3GZk9k4,https://www.youtube.com/watch?v=y94Q3GZk9k4&t=2035,13,2035,2250,"जब मैं ही नहीं रहता, तो भक्ति कौन करता है?"
y94Q3GZk9k4,https://www.youtube.com/watch?v=y94Q3GZk9k4,https://www.youtube.com/watch?v=y94Q3GZk9k4&t=2250,14,2250,2359,चेतना क्या है और चेतना का स्वरूप क्या है?
y94Q3GZk9k4,https://www.youtube.com/watch?v=y94Q3GZk9k4,https://www.youtube.com/watch?v=y94Q3GZk9k4&t=2359,15,2359,2479,सच्ची शरणागति में साधक की भूमिका क्या होनी चाहिए?
y94Q3GZk9k4,https://www.youtube.com/watch?v=y94Q3GZk9k4,https://www.youtube.com/watch?v=y94Q3GZk9k4&t=2479,16,2479,2684,"सब मोह छूट गया है, पर बच्चों से मोह खत्म नहीं हो रहा।"
y94Q3GZk9k4,https://www.youtube.com/watch?v=y94Q3GZk9k4,https://www.youtube.com/watch?v=y94Q3GZk9k4&t=2684,17,2684,3383,क्या भगवत्प्राप्ति होने पर सारे विकार खत्म हो जाते हैं?
y94Q3GZk9k4,https://www.youtube.com/watch?v=y94Q3GZk9k4,https://www.youtube.com/watch?v=y94Q3GZk9k4&t=3383,18,3383,4041,मन कहता है कि अच्छी व्यवस्था होती तो भजन और अच्छा होता !
OMadNybJ0Ck,https://www.youtube.com/watch?v=OMadNybJ0Ck,https://www.youtube.com/watch?v=OMadNybJ0Ck&t=0,1,0,167,राधा नाम
OMadNybJ0Ck,https://www.youtube.com/watch?v=OMadNybJ0Ck,https://www.youtube.com/watch?v=OMadNybJ0Ck&t=167,2,167,534,सब में भगवान दिखते हैं तो भक्त को विरह क्यों होता है?
OMadNybJ0Ck,https://www.youtube.com/watch?v=OMadNybJ0Ck,https://www.youtube.com/watch?v=OMadNybJ0Ck&t=534,3,534,1169,दुखों के आने पर ही भगवान की शरणागति होती है या भजन से?
OMadNybJ0Ck,https://www.youtube.com/watch?v=OMadNybJ0Ck,https://www.youtube.com/watch?v=OMadNybJ0Ck&t=1169,4,1169,1278,"हम अपने जीवन में विवेक, सहनशीलता और अहंकार-रहित कैसे बनें?"
OMadNybJ0Ck,https://www.youtube.com/watch?v=OMadNybJ0Ck,https://www.youtube.com/watch?v=OMadNybJ0Ck&t=1278,5,1278,1442,"नाम जप करते-करते कुछ पल के लिए आनंद की अनुभूति होती है, वह निरंतर कैसे बनी रहे?"
OMadNybJ0Ck,https://www.youtube.com/watch?v=OMadNybJ0Ck,https://www.youtube.com/watch?v=OMadNybJ0Ck&t=1442,6,1442,1702,कार्यालय में कोई द्वेष करे तो क्या हमें बदले की भवना रखनी चाहिए ?
OMadNybJ0Ck,https://www.youtube.com/watch?v=OMadNybJ0Ck,https://www.youtube.com/watch?v=OMadNybJ0Ck&t=1702,7,1702,1903,"क्रोध बढ़ता जा रहा है, क्या करूँ?"
OMadNybJ0Ck,https://www.youtube.com/watch?v=OMadNybJ0Ck,https://www.youtube.com/watch?v=OMadNybJ0Ck&t=1903,8,1903,1996,फ़ोन से सत्संग सुनते हुए किन बातों का ध्यान रखें?
OMadNybJ0Ck,https://www.youtube.com/watch?v=OMadNybJ0Ck,https://www.youtube.com/watch?v=OMadNybJ0Ck&t=1996,9,1996,2244,"बाहरी अपमान और तनाव का हम पर फ़र्क न पड़े, इसके लिए क्या करें?"
OMadNybJ0Ck,https://www.youtube.com/watch?v=OMadNybJ0Ck,https://www.youtube.com/watch?v=OMadNybJ0Ck&t=2244,10,2244,2334,मानव कल्याण में अध्यात्म का कितना योगदान है?
OMadNybJ0Ck,https://www.youtube.com/watch?v=OMadNybJ0Ck,https://www.youtube.com/watch?v=OMadNybJ0Ck&t=2334,11,2334,2578,"राधा रानी कैसे रिझती हैं, उनका प्रिय कैसे बनें?"
OMadNybJ0Ck,https://www.youtube.com/watch?v=OMadNybJ0Ck,https://www.youtube.com/watch?v=OMadNybJ0Ck&t=2578,12,2578,2711,"मैं सब प्रकार से हार चुका हूँ, ऐसा लगता है माया को कभी रोक नहीं पाऊँगा।"
OMadNybJ0Ck,https://www.youtube.com/watch?v=OMadNybJ0Ck,https://www.youtube.com/watch?v=OMadNybJ0Ck&t=2711,13,2711,2884,"पैसे की इच्छा बढ़ती जा रही है, क्या करें?"
OMadNybJ0Ck,https://www.youtube.com/watch?v=OMadNybJ0Ck,https://www.youtube.com/watch?v=OMadNybJ0Ck&t=2884,14,2884,3218,जीवन में उन्नति के लिए सर्वोच्च उपाय क्या है?
OMadNybJ0Ck,https://www.youtube.com/watch?v=OMadNybJ0Ck,https://www.youtube.com/watch?v=OMadNybJ0Ck&t=3218,15,3218,3316,अपनी मृत्यु के समय की परिस्थिति को सुनिश्चित करना चाहता हूँ!
OMadNybJ0Ck,https://www.youtube.com/watch?v=OMadNybJ0Ck,https://www.youtube.com/watch?v=OMadNybJ0Ck&t=3316,16,3316,3574,"शिक्षक अपने भीतर त्याग, तप और सेवाभाव कैसे लाएँ?"
OMadNybJ0Ck,https://www.youtube.com/watch?v=OMadNybJ0Ck,https://www.youtube.com/watch?v=OMadNybJ0Ck&t=3574,17,3574,4957,"मन व्यर्थ का चिंतन बहुत करता है, क्या करूँ?"
B8fW0iECA7w,https://www.youtube.com/watch?v=B8fW0iECA7w,https://www.youtube.com/watch?v=B8fW0iECA7w&t=0,1,0,176,राधा नाम
B8fW0iECA7w,https://www.youtube.com/watch?v=B8fW0iECA7w,https://www.youtube.com/watch?v=B8fW0iECA7w&t=176,2,176,489,"भगवान अन्याय के खिलाफ लड़ने के लिए कहते हैं, पर आप कहते हैं सहो !"
B8fW0iECA7w,https://www.youtube.com/watch?v=B8fW0iECA7w,https://www.youtube.com/watch?v=B8fW0iECA7w&t=489,3,489,827,अन्त मति सो गति—इसका निर्णय किस आधार पर होता है?
B8fW0iECA7w,https://www.youtube.com/watch?v=B8fW0iECA7w,https://www.youtube.com/watch?v=B8fW0iECA7w&t=827,4,827,1138,त्रिगुणातीत होने के क्या लक्षण हैं?
B8fW0iECA7w,https://www.youtube.com/watch?v=B8fW0iECA7w,https://www.youtube.com/watch?v=B8fW0iECA7w&t=1138,5,1138,1387,क्या लक्ष्य का स्पष्ट न होने के कारण मन भटकता है?
B8fW0iECA7w,https://www.youtube.com/watch?v=B8fW0iECA7w,https://www.youtube.com/watch?v=B8fW0iECA7w&t=1387,6,1387,1892,डर लगता है कि जब भोग सामने आएँगे तो हमारा क्या होगा?
B8fW0iECA7w,https://www.youtube.com/watch?v=B8fW0iECA7w,https://www.youtube.com/watch?v=B8fW0iECA7w&t=1892,7,1892,2103,नाम जप करते हुए मन शांत हो जाता है।
B8fW0iECA7w,https://www.youtube.com/watch?v=B8fW0iECA7w,https://www.youtube.com/watch?v=B8fW0iECA7w&t=2103,8,2103,2425,"मैं शिक्षिका हूँ, बच्चे पाँव छूते हैं तो क्या मेरे पुण्य नष्ट होते हैं?"
B8fW0iECA7w,https://www.youtube.com/watch?v=B8fW0iECA7w,https://www.youtube.com/watch?v=B8fW0iECA7w&t=2425,9,2425,2739,"भागवतिक चेष्टा करने के लिए कहा जाता है, तो भागवतिक चेष्टा कैसे करें?"
B8fW0iECA7w,https://www.youtube.com/watch?v=B8fW0iECA7w,https://www.youtube.com/watch?v=B8fW0iECA7w&t=2739,10,2739,2973,भगवान कौन-से ज्ञान-विज्ञान को जानने की बात कर रहे हैं?
B8fW0iECA7w,https://www.youtube.com/watch?v=B8fW0iECA7w,https://www.youtube.com/watch?v=B8fW0iECA7w&t=2973,11,2973,3895,"मन न तो प्रवृत्ति मार्ग में लगता है, न ही निवृत्ति मार्ग में।"
aB2HnFONuWY,https://www.youtube.com/watch?v=aB2HnFONuWY,https://www.youtube.com/watch?v=aB2HnFONuWY&t=0,1,0,168,राधा नाम
aB2HnFONuWY,https://www.youtube.com/watch?v=aB2HnFONuWY,https://www.youtube.com/watch?v=aB2HnFONuWY&t=168,2,168,594,"मुझे खुशी नहीं मिलती, क्या करूँ?"
aB2HnFONuWY,https://www.youtube.com/watch?v=aB2HnFONuWY,https://www.youtube.com/watch?v=aB2HnFONuWY&t=594,3,594,666,सिर्फ संतों और महापुरुषों का ही भरोसा है।
aB2HnFONuWY,https://www.youtube.com/watch?v=aB2HnFONuWY,https://www.youtube.com/watch?v=aB2HnFONuWY&t=666,4,666,982,अंदर के डर से मुक्ति कैसे मिलेगी?
aB2HnFONuWY,https://www.youtube.com/watch?v=aB2HnFONuWY,https://www.youtube.com/watch?v=aB2HnFONuWY&t=982,5,982,1053,गुरु कृपा का अनुभव कैसे होता है?
aB2HnFONuWY,https://www.youtube.com/watch?v=aB2HnFONuWY,https://www.youtube.com/watch?v=aB2HnFONuWY&t=1053,6,1053,1392,"जानते हुए भी कि गुरुदेव ब्रह्म स्वरूप हैं, परंतु उनका शारीरिक कष्ट देखकर मन अशांत हो जाता है।"
aB2HnFONuWY,https://www.youtube.com/watch?v=aB2HnFONuWY,https://www.youtube.com/watch?v=aB2HnFONuWY&t=1392,7,1392,1598,"सब कुछ भगवान ही बने हुए हैं, ऐसा कैसे अनुभव करें?"
aB2HnFONuWY,https://www.youtube.com/watch?v=aB2HnFONuWY,https://www.youtube.com/watch?v=aB2HnFONuWY&t=1598,8,1598,2286,ऐसा क्या करें कि सुख के समय भी भगवान का चिंतन होता रहे?
aB2HnFONuWY,https://www.youtube.com/watch?v=aB2HnFONuWY,https://www.youtube.com/watch?v=aB2HnFONuWY&t=2286,9,2286,2436,सच्चे गुरु के मिलन पर हृदय में क्या प्रेरणा होती है?
aB2HnFONuWY,https://www.youtube.com/watch?v=aB2HnFONuWY,https://www.youtube.com/watch?v=aB2HnFONuWY&t=2436,10,2436,2628,"जानते हुए कि सब भगवान की संरचना है, फिर भी मान-बढ़ाई और ईर्ष्या का भाव बना रहता है।"
aB2HnFONuWY,https://www.youtube.com/watch?v=aB2HnFONuWY,https://www.youtube.com/watch?v=aB2HnFONuWY&t=2628,11,2628,2873,"कोई भी निर्णय लेते समय मन विचलित हो जाए, तो क्या करें?"
aB2HnFONuWY,https://www.youtube.com/watch?v=aB2HnFONuWY,https://www.youtube.com/watch?v=aB2HnFONuWY&t=2873,12,2873,4615,विपत्ति आने पर किसी और का भरोसा लेने लगते हैं।
tqnt8DS3UGU,https://www.youtube.com/watch?v=tqnt8DS3UGU,https://www.youtube.com/watch?v=tqnt8DS3UGU&t=0,1,0,165,राधा नाम
tqnt8DS3UGU,https://www.youtube.com/watch?v=tqnt8DS3UGU,https://www.youtube.com/watch?v=tqnt8DS3UGU&t=165,2,165,463,"अगर हमारे जीवन का उद्देश्य भगवत प्राप्ति है, तो सांसारिक कर्तव्यों का क्या उद्देश्य है?"
tqnt8DS3UGU,https://www.youtube.com/watch?v=tqnt8DS3UGU,https://www.youtube.com/watch?v=tqnt8DS3UGU&t=463,3,463,720,क्या आपकी तरह श्रीजी हमारी बातों का भी उत्तर देंगी?
tqnt8DS3UGU,https://www.youtube.com/watch?v=tqnt8DS3UGU,https://www.youtube.com/watch?v=tqnt8DS3UGU&t=720,4,720,1311,हम संतों की सेवा कैसे करें ?
tqnt8DS3UGU,https://www.youtube.com/watch?v=tqnt8DS3UGU,https://www.youtube.com/watch?v=tqnt8DS3UGU&t=1311,5,1311,1617,भगवान सर्वसमर्थ होते हुए भी भक्त के प्रेम से क्यों बंध जाते हैं?
tqnt8DS3UGU,https://www.youtube.com/watch?v=tqnt8DS3UGU,https://www.youtube.com/watch?v=tqnt8DS3UGU&t=1617,6,1617,1850,सत्त्वगुण के त्याग से क्या अभिप्राय है?
tqnt8DS3UGU,https://www.youtube.com/watch?v=tqnt8DS3UGU,https://www.youtube.com/watch?v=tqnt8DS3UGU&t=1850,7,1850,2088,"भगवत प्राप्ति के लिए त्याग आवश्यक है, पर जीवन जीने के लिए आवश्यकताएँ भी होती हैं। इसका संतुलन कैसे बने?"
tqnt8DS3UGU,https://www.youtube.com/watch?v=tqnt8DS3UGU,https://www.youtube.com/watch?v=tqnt8DS3UGU&t=2088,8,2088,2224,नाम जप से कुंडली कैसे जागृत होती है?
tqnt8DS3UGU,https://www.youtube.com/watch?v=tqnt8DS3UGU,https://www.youtube.com/watch?v=tqnt8DS3UGU&t=2224,9,2224,2340,"आपके गुरुदेव ने दो साल बाद ही शरीर छोड़ दिया था, तो आपने अकेले जीवन निर्वाह कैसे किया?"
tqnt8DS3UGU,https://www.youtube.com/watch?v=tqnt8DS3UGU,https://www.youtube.com/watch?v=tqnt8DS3UGU&t=2340,10,2340,2908,ध्रुव जी ने भगवत प्राप्ति के बाद भी सर्वोच्च पद की प्राप्ति की माँग क्यों की?
tqnt8DS3UGU,https://www.youtube.com/watch?v=tqnt8DS3UGU,https://www.youtube.com/watch?v=tqnt8DS3UGU&t=2908,11,2908,3321,Vivek Bindra ने पूज्य महाराज जी से क्या प्रश्न किया ?
tqnt8DS3UGU,https://www.youtube.com/watch?v=tqnt8DS3UGU,https://www.youtube.com/watch?v=tqnt8DS3UGU&t=3321,12,3321,4119,पूज्य श्री विनोद बाबा के कृपापात्र श्री पंडित बाबा से पूज्य महाराज जी की क्या वार्ता हुई?
T3ZQPkRITVU,https://www.youtube.com/watch?v=T3ZQPkRITVU,https://www.youtube.com/watch?v=T3ZQPkRITVU&t=0,1,0,176,राधा नाम
T3ZQPkRITVU,https://www.youtube.com/watch?v=T3ZQPkRITVU,https://www.youtube.com/watch?v=T3ZQPkRITVU&t=176,2,176,696,परमपिता परमेश्वर तक पहुँचने का सबसे सरल मार्ग क्या है?
T3ZQPkRITVU,https://www.youtube.com/watch?v=T3ZQPkRITVU,https://www.youtube.com/watch?v=T3ZQPkRITVU&t=696,3,696,850,अहंकार और कर्तापन खत्म हो जाएगा तो निर्णय कौन लेगा?
T3ZQPkRITVU,https://www.youtube.com/watch?v=T3ZQPkRITVU,https://www.youtube.com/watch?v=T3ZQPkRITVU&t=850,4,850,1238,"बड़े-बड़े भक्तों के जीवन में जो कष्ट देखे जाते हैं, क्या वह उनका प्रारब्ध होता है?"
T3ZQPkRITVU,https://www.youtube.com/watch?v=T3ZQPkRITVU,https://www.youtube.com/watch?v=T3ZQPkRITVU&t=1238,5,1238,1495,"भगवान तो भक्त के बारे में सब कुछ जानते हैं, तो फिर वे उसकी परीक्षा क्यों लेते हैं?"
T3ZQPkRITVU,https://www.youtube.com/watch?v=T3ZQPkRITVU,https://www.youtube.com/watch?v=T3ZQPkRITVU&t=1495,6,1495,1606,क्या हमें संत और साधक में भेद करना चाहिए?
T3ZQPkRITVU,https://www.youtube.com/watch?v=T3ZQPkRITVU,https://www.youtube.com/watch?v=T3ZQPkRITVU&t=1606,7,1606,2434,इस संसार में सबसे बड़ा दुख क्या है और सबसे बड़ा सुख क्या है?
T3ZQPkRITVU,https://www.youtube.com/watch?v=T3ZQPkRITVU,https://www.youtube.com/watch?v=T3ZQPkRITVU&t=2434,8,2434,2964,संपूर्ण शरणागति किसे कहते हैं?
T3ZQPkRITVU,https://www.youtube.com/watch?v=T3ZQPkRITVU,https://www.youtube.com/watch?v=T3ZQPkRITVU&t=2964,9,2964,3357,सच्चा वैराग्य क्या है?
T3ZQPkRITVU,https://www.youtube.com/watch?v=T3ZQPkRITVU,https://www.youtube.com/watch?v=T3ZQPkRITVU&t=3357,10,3357,4166,जटेरी धाम के महंत पूज्य श्री विपिन बिहारी दास जी द्वारा दुर्लभ वीणा वादन!
0p_eTe2D7rU,https://www.youtube.com/watch?v=0p_eTe2D7rU,https://www.youtube.com/watch?v=0p_eTe2D7rU&t=0,1,0,165,राधा नाम
0p_eTe2D7rU,https://www.youtube.com/watch?v=0p_eTe2D7rU,https://www.youtube.com/watch?v=0p_eTe2D7rU&t=165,2,165,704,बिना भजन के भगवान की प्राप्ति कैसे होगी?
0p_eTe2D7rU,https://www.youtube.com/watch?v=0p_eTe2D7rU,https://www.youtube.com/watch?v=0p_eTe2D7rU&t=704,3,704,779,अध्यात्म स्वयं से प्रकट होता है या हमारे प्रयास से?
0p_eTe2D7rU,https://www.youtube.com/watch?v=0p_eTe2D7rU,https://www.youtube.com/watch?v=0p_eTe2D7rU&t=779,4,779,1111,सत्कर्म का सही मतलब क्या है?
0p_eTe2D7rU,https://www.youtube.com/watch?v=0p_eTe2D7rU,https://www.youtube.com/watch?v=0p_eTe2D7rU&t=1111,5,1111,1196,गुरु तत्त्व क्या है?
0p_eTe2D7rU,https://www.youtube.com/watch?v=0p_eTe2D7rU,https://www.youtube.com/watch?v=0p_eTe2D7rU&t=1196,6,1196,1403,क्या करें कि संतों के प्रति अखंड निष्ठा और प्रेम निरंतर बढ़ता रहे?
0p_eTe2D7rU,https://www.youtube.com/watch?v=0p_eTe2D7rU,https://www.youtube.com/watch?v=0p_eTe2D7rU&t=1403,7,1403,1621,"जानते हुए भी कि संसार झूठा है, मन वहीं क्यों जाता है?"
0p_eTe2D7rU,https://www.youtube.com/watch?v=0p_eTe2D7rU,https://www.youtube.com/watch?v=0p_eTe2D7rU&t=1621,8,1621,1735,"कौन सा हमारा प्रारब्ध है और कौन सी हमारी भक्ति की परीक्षा है, यह कैसे जानें?"
0p_eTe2D7rU,https://www.youtube.com/watch?v=0p_eTe2D7rU,https://www.youtube.com/watch?v=0p_eTe2D7rU&t=1735,9,1735,1999,बुरे व्यवहार की प्रतिक्रिया न देने पर बहुत दिक्कत आती है।
0p_eTe2D7rU,https://www.youtube.com/watch?v=0p_eTe2D7rU,https://www.youtube.com/watch?v=0p_eTe2D7rU&t=1999,10,1999,2113,गृहस्थ कर्तव्यों को निभाते हुए क्या भगवत्-प्राप्ति हो सकती है?
0p_eTe2D7rU,https://www.youtube.com/watch?v=0p_eTe2D7rU,https://www.youtube.com/watch?v=0p_eTe2D7rU&t=2113,11,2113,2327,विदेश में भोगों से मन विचलित हो जाता है।
0p_eTe2D7rU,https://www.youtube.com/watch?v=0p_eTe2D7rU,https://www.youtube.com/watch?v=0p_eTe2D7rU&t=2327,12,2327,2415,भक्ति पर चलते हुए मन में कभी-कभी अहंकार आ जाता है।
0p_eTe2D7rU,https://www.youtube.com/watch?v=0p_eTe2D7rU,https://www.youtube.com/watch?v=0p_eTe2D7rU&t=2415,13,2415,2473,अपने मन की इच्छा को भी हम श्रीजी की इच्छा कहकर बोल देते हैं।
0p_eTe2D7rU,https://www.youtube.com/watch?v=0p_eTe2D7rU,https://www.youtube.com/watch?v=0p_eTe2D7rU&t=2473,14,2473,2644,जीवन का सत्य क्या है?
0p_eTe2D7rU,https://www.youtube.com/watch?v=0p_eTe2D7rU,https://www.youtube.com/watch?v=0p_eTe2D7rU&t=2644,15,2644,2761,गुरु तो हर समय हमारे साथ नहीं होते।
0p_eTe2D7rU,https://www.youtube.com/watch?v=0p_eTe2D7rU,https://www.youtube.com/watch?v=0p_eTe2D7rU&t=2761,16,2761,2848,क्या अकाल मृत्यु भी पहले से तय होती है?
0p_eTe2D7rU,https://www.youtube.com/watch?v=0p_eTe2D7rU,https://www.youtube.com/watch?v=0p_eTe2D7rU&t=2848,17,2848,3441,क्या आपको भी कुछ सीखना बाकी रह गया है? आपको गुरु बनकर कैसा Feel होता है?
0p_eTe2D7rU,https://www.youtube.com/watch?v=0p_eTe2D7rU,https://www.youtube.com/watch?v=0p_eTe2D7rU&t=3441,18,3441,4272,खूब विषय भोगें तो क्या वैराग्य हो जाएगा?
VM0o5i63l-Q,https://www.youtube.com/watch?v=VM0o5i63l-Q,https://www.youtube.com/watch?v=VM0o5i63l-Q&t=0,1,0,180,राधा नाम
VM0o5i63l-Q,https://www.youtube.com/watch?v=VM0o5i63l-Q,https://www.youtube.com/watch?v=VM0o5i63l-Q&t=180,2,180,545,आपको नाम जप पर अटूट विश्वास कब और कैसे हुआ?
VM0o5i63l-Q,https://www.youtube.com/watch?v=VM0o5i63l-Q,https://www.youtube.com/watch?v=VM0o5i63l-Q&t=545,3,545,697,"सब इच्छाओं का त्याग करना है, तो क्या भगवत् प्राप्ति की इच्छा भी गलत है?"
VM0o5i63l-Q,https://www.youtube.com/watch?v=VM0o5i63l-Q,https://www.youtube.com/watch?v=VM0o5i63l-Q&t=697,4,697,859,गुरु कृपा के बाद भी स्वयं को अयोग्य मानना और माया से डरना क्या गलत है?
VM0o5i63l-Q,https://www.youtube.com/watch?v=VM0o5i63l-Q,https://www.youtube.com/watch?v=VM0o5i63l-Q&t=859,5,859,1254,एक गृहस्थ कैसे जाने कि कौन-से कर्तव्य अनिवार्य हैं और कौन-से बाधा हैं?
VM0o5i63l-Q,https://www.youtube.com/watch?v=VM0o5i63l-Q,https://www.youtube.com/watch?v=VM0o5i63l-Q&t=1254,6,1254,1639,"कोई पूजा-पाठ करने वाला व्यक्ति यदि चेतना खो दे, तो उसकी क्या गति होगी?"
VM0o5i63l-Q,https://www.youtube.com/watch?v=VM0o5i63l-Q,https://www.youtube.com/watch?v=VM0o5i63l-Q&t=1639,7,1639,1927,उपासक को धर्माचरण और शुद्ध आहार के अतिरिक्त और क्या करना चाहिए?
VM0o5i63l-Q,https://www.youtube.com/watch?v=VM0o5i63l-Q,https://www.youtube.com/watch?v=VM0o5i63l-Q&t=1927,8,1927,2074,इंद्रियों में विषय-भोग की सामर्थ्य न होने पर भी वे इतना परेशान क्यों करती हैं?
VM0o5i63l-Q,https://www.youtube.com/watch?v=VM0o5i63l-Q,https://www.youtube.com/watch?v=VM0o5i63l-Q&t=2074,9,2074,2283,विषयों को काटने की क्षमता कैसे बढ़ाएं?
VM0o5i63l-Q,https://www.youtube.com/watch?v=VM0o5i63l-Q,https://www.youtube.com/watch?v=VM0o5i63l-Q&t=2283,10,2283,2885,जीवन की हर परिस्थिति में अपने भीतर निर्भयता कैसे लाएँ?
VM0o5i63l-Q,https://www.youtube.com/watch?v=VM0o5i63l-Q,https://www.youtube.com/watch?v=VM0o5i63l-Q&t=2885,11,2885,3707,पवित्रता के क्या नियम हैं? और क्यूँ है पवित्र रहना इतना जरूरी?
txAAnUWF5DM,https://www.youtube.com/watch?v=txAAnUWF5DM,https://www.youtube.com/watch?v=txAAnUWF5DM&t=0,1,0,167,राधा नाम
txAAnUWF5DM,https://www.youtube.com/watch?v=txAAnUWF5DM,https://www.youtube.com/watch?v=txAAnUWF5DM&t=167,2,167,258,"सब कुछ भगवान हैं, तो भगवत प्राप्ति किसको होगी?"
txAAnUWF5DM,https://www.youtube.com/watch?v=txAAnUWF5DM,https://www.youtube.com/watch?v=txAAnUWF5DM&t=258,3,258,543,क्या करूँ कि नाम जप खर्च न हो?
txAAnUWF5DM,https://www.youtube.com/watch?v=txAAnUWF5DM,https://www.youtube.com/watch?v=txAAnUWF5DM&t=543,4,543,1170,क्या हमारी भक्ति कम–ज्यादा होती है तो क्या भगवान इससे नाराज़ होते हैं?
txAAnUWF5DM,https://www.youtube.com/watch?v=txAAnUWF5DM,https://www.youtube.com/watch?v=txAAnUWF5DM&t=1170,5,1170,1396,"मन भक्ति में लगता है, फिर भी कुछ समय बाद भटक जाता है।"
txAAnUWF5DM,https://www.youtube.com/watch?v=txAAnUWF5DM,https://www.youtube.com/watch?v=txAAnUWF5DM&t=1396,6,1396,1778,सही मायने में जीना और मरना किसे कहते हैं?
txAAnUWF5DM,https://www.youtube.com/watch?v=txAAnUWF5DM,https://www.youtube.com/watch?v=txAAnUWF5DM&t=1778,7,1778,1890,आज के समय में आत्मबोध कैसे करें?
txAAnUWF5DM,https://www.youtube.com/watch?v=txAAnUWF5DM,https://www.youtube.com/watch?v=txAAnUWF5DM&t=1890,8,1890,2001,भक्ति के मार्ग में चलने के बाद भी अहंकार और इच्छाएँ क्यों बनी रहती हैं?
txAAnUWF5DM,https://www.youtube.com/watch?v=txAAnUWF5DM,https://www.youtube.com/watch?v=txAAnUWF5DM&t=2001,9,2001,2402,आज की तपस्या क्या है?
txAAnUWF5DM,https://www.youtube.com/watch?v=txAAnUWF5DM,https://www.youtube.com/watch?v=txAAnUWF5DM&t=2402,10,2402,2686,"संसार झूठा है, जानते हुए भी हम इससे बच क्यों नहीं पाते?"
txAAnUWF5DM,https://www.youtube.com/watch?v=txAAnUWF5DM,https://www.youtube.com/watch?v=txAAnUWF5DM&t=2686,11,2686,2832,आपकी कठिन तपस्या देखकर लगता है कि हम तो चल ही नहीं पाएँगे।
txAAnUWF5DM,https://www.youtube.com/watch?v=txAAnUWF5DM,https://www.youtube.com/watch?v=txAAnUWF5DM&t=2832,12,2832,2927,मैं कौन हूँ ?
txAAnUWF5DM,https://www.youtube.com/watch?v=txAAnUWF5DM,https://www.youtube.com/watch?v=txAAnUWF5DM&t=2927,13,2927,3114,क्या हमारा भी लीला में प्रवेश हो सकता है?
txAAnUWF5DM,https://www.youtube.com/watch?v=txAAnUWF5DM,https://www.youtube.com/watch?v=txAAnUWF5DM&t=3114,14,3114,4149,महाभारत के दुर्योधन Arpit Ranka ने महाराज जी से क्या प्रश्न किया ?
us05wJuGntw,https://www.youtube.com/watch?v=us05wJuGntw,https://www.youtube.com/watch?v=us05wJuGntw&t=0,1,0,163,राधा नाम
us05wJuGntw,https://www.youtube.com/watch?v=us05wJuGntw,https://www.youtube.com/watch?v=us05wJuGntw&t=163,2,163,233,आत्मा और परमात्मा में क्या अंतर है?
us05wJuGntw,https://www.youtube.com/watch?v=us05wJuGntw,https://www.youtube.com/watch?v=us05wJuGntw&t=233,3,233,442,नियम सहित भक्ति या पूजा सहित भक्ति।
us05wJuGntw,https://www.youtube.com/watch?v=us05wJuGntw,https://www.youtube.com/watch?v=us05wJuGntw&t=442,4,442,600,"गीता जी में भगवान ने “ईश्वर” कहकर क्यों संबोधित किया, “मैं” करके क्यों नहीं कहा?"
us05wJuGntw,https://www.youtube.com/watch?v=us05wJuGntw,https://www.youtube.com/watch?v=us05wJuGntw&t=600,5,600,794,भगवान को सब कुछ समर्पित करने के बाद भी कभी-कभी मन उदास और खाली-सा क्यों महसूस करता है।
us05wJuGntw,https://www.youtube.com/watch?v=us05wJuGntw,https://www.youtube.com/watch?v=us05wJuGntw&t=794,6,794,1156,"मंदिर और संतों के संग में बहुत वृद्धि हुई है, तो क्या त्रेतायुग की भक्ति लौट आई है?"
us05wJuGntw,https://www.youtube.com/watch?v=us05wJuGntw,https://www.youtube.com/watch?v=us05wJuGntw&t=1156,7,1156,1267,क्या समाज सेवा से प्रभु सेवा का मार्ग खुलता है?
us05wJuGntw,https://www.youtube.com/watch?v=us05wJuGntw,https://www.youtube.com/watch?v=us05wJuGntw&t=1267,8,1267,1486,"वाणी पाठ, आरती या मंत्र जप करते हुए मन स्थिर नहीं रहता।"
us05wJuGntw,https://www.youtube.com/watch?v=us05wJuGntw,https://www.youtube.com/watch?v=us05wJuGntw&t=1486,9,1486,1768,श्री हरिवंश धर्म का अनुसरण करने वाले साधक को किस प्रकार के आचरण करने चाहिए?
us05wJuGntw,https://www.youtube.com/watch?v=us05wJuGntw,https://www.youtube.com/watch?v=us05wJuGntw&t=1768,10,1768,1913,ऐसा क्या करें कि नाम जप में इतना रस आने लगे कि दुनिया का भान न रहे।
us05wJuGntw,https://www.youtube.com/watch?v=us05wJuGntw,https://www.youtube.com/watch?v=us05wJuGntw&t=1913,11,1913,2070,अगर अहंकार शून्य हो जाएगा तो हम संसार में कर्म कैसे करेंगे?
us05wJuGntw,https://www.youtube.com/watch?v=us05wJuGntw,https://www.youtube.com/watch?v=us05wJuGntw&t=2070,12,2070,2192,शरणागत व्यक्ति का परम लक्ष्य क्या होना चाहिए?
us05wJuGntw,https://www.youtube.com/watch?v=us05wJuGntw,https://www.youtube.com/watch?v=us05wJuGntw&t=2192,13,2192,2351,भक्ति में अहंकार आने लगे तो उससे कैसे बचें?
us05wJuGntw,https://www.youtube.com/watch?v=us05wJuGntw,https://www.youtube.com/watch?v=us05wJuGntw&t=2351,14,2351,2432,"क्या ईश्वर हमारे उन प्रयासों को भी देखते हैं, जो हमारे भाव में प्रकट होते हैं?"
us05wJuGntw,https://www.youtube.com/watch?v=us05wJuGntw,https://www.youtube.com/watch?v=us05wJuGntw&t=2432,15,2432,2596,जो जरूरी था भगवान ने हमें वो सब कुछ दिया !
us05wJuGntw,https://www.youtube.com/watch?v=us05wJuGntw,https://www.youtube.com/watch?v=us05wJuGntw&t=2596,16,2596,2669,लगाव और प्रेम में क्या अंतर है ?
us05wJuGntw,https://www.youtube.com/watch?v=us05wJuGntw,https://www.youtube.com/watch?v=us05wJuGntw&t=2669,17,2669,2971,जिस कृपा से सब कुछ प्राप्त हो जाता है उस कृपा को प्राप्त करने का सहज उपाय क्या है ?
us05wJuGntw,https://www.youtube.com/watch?v=us05wJuGntw,https://www.youtube.com/watch?v=us05wJuGntw&t=2971,18,2971,3661,स्वामी नारायण पुणे से पधारे संत भगवान और पूज्य महाराज जी के बीच क्या वार्तालाप हुआ?
YePvN93RSSQ,https://www.youtube.com/watch?v=YePvN93RSSQ,https://www.youtube.com/watch?v=YePvN93RSSQ&t=0,1,0,174,राधा नाम
YePvN93RSSQ,https://www.youtube.com/watch?v=YePvN93RSSQ,https://www.youtube.com/watch?v=YePvN93RSSQ&t=174,2,174,308,"कोई मेरे बारे में क्या सोचता है, इससे बहुत फर्क पड़ता है। क्या करूँ?"
YePvN93RSSQ,https://www.youtube.com/watch?v=YePvN93RSSQ,https://www.youtube.com/watch?v=YePvN93RSSQ&t=308,3,308,589,भगवान के अवतार और हममें क्या अंतर होता है?
YePvN93RSSQ,https://www.youtube.com/watch?v=YePvN93RSSQ,https://www.youtube.com/watch?v=YePvN93RSSQ&t=589,4,589,782,"गुरु, इष्ट और आचार्य के दर्शन से जो प्रसन्नता होती है, उसका भोक्ता कौन होता है?"
YePvN93RSSQ,https://www.youtube.com/watch?v=YePvN93RSSQ,https://www.youtube.com/watch?v=YePvN93RSSQ&t=782,5,782,910,भक्ति अगर अहंकार में बदल जाए तो क्या करें?
YePvN93RSSQ,https://www.youtube.com/watch?v=YePvN93RSSQ,https://www.youtube.com/watch?v=YePvN93RSSQ&t=910,6,910,1047,संतों के सानिध्य का असली अर्थ क्या है?
YePvN93RSSQ,https://www.youtube.com/watch?v=YePvN93RSSQ,https://www.youtube.com/watch?v=YePvN93RSSQ&t=1047,7,1047,1161,"दूसरों की छोटी-छोटी गलतियों पर उन्हें टोकने लग जाता हूँ, बाद में वही गलती मुझसे हो जाती है।"
YePvN93RSSQ,https://www.youtube.com/watch?v=YePvN93RSSQ,https://www.youtube.com/watch?v=YePvN93RSSQ&t=1161,8,1161,1297,सबको भगवान की अनुभूति अलग-अलग क्यों होती है ?
YePvN93RSSQ,https://www.youtube.com/watch?v=YePvN93RSSQ,https://www.youtube.com/watch?v=YePvN93RSSQ&t=1297,9,1297,1409,"लंबे समय से नाम जप कर रही हूँ, पर अभी तक भगवत प्राप्ति नहीं हुई।"
YePvN93RSSQ,https://www.youtube.com/watch?v=YePvN93RSSQ,https://www.youtube.com/watch?v=YePvN93RSSQ&t=1409,10,1409,1574,सिर्फ धाम में रहूँ या तीर्थों के दर्शन करने भी जाऊँ?
YePvN93RSSQ,https://www.youtube.com/watch?v=YePvN93RSSQ,https://www.youtube.com/watch?v=YePvN93RSSQ&t=1574,11,1574,1781,क्या मोक्ष के बाद आत्मा की अपनी कोई पहचान नहीं रहती?
YePvN93RSSQ,https://www.youtube.com/watch?v=YePvN93RSSQ,https://www.youtube.com/watch?v=YePvN93RSSQ&t=1781,12,1781,2027,"अभ्यास से मन वश में किया जा सकता है, पर सांसारिक माया अभ्यास नहीं करने देती।"
YePvN93RSSQ,https://www.youtube.com/watch?v=YePvN93RSSQ,https://www.youtube.com/watch?v=YePvN93RSSQ&t=2027,13,2027,2149,अपनी महत्वाकांक्षाओं को परमार्थ की ओर कैसे ले जाएँ?
YePvN93RSSQ,https://www.youtube.com/watch?v=YePvN93RSSQ,https://www.youtube.com/watch?v=YePvN93RSSQ&t=2149,14,2149,2238,क्या सूक्ष्म और कारण शरीर से भी कर्म बनते हैं?
YePvN93RSSQ,https://www.youtube.com/watch?v=YePvN93RSSQ,https://www.youtube.com/watch?v=YePvN93RSSQ&t=2238,15,2238,2294,गुरु दीक्षा नहीं ली है तो क्या राधा नाम जप का फल नहीं मिलेगा?
YePvN93RSSQ,https://www.youtube.com/watch?v=YePvN93RSSQ,https://www.youtube.com/watch?v=YePvN93RSSQ&t=2294,16,2294,2416,भजन करता है पर दूसरों का दिल दुखता है तो ..
YePvN93RSSQ,https://www.youtube.com/watch?v=YePvN93RSSQ,https://www.youtube.com/watch?v=YePvN93RSSQ&t=2416,17,2416,2652,ब्रह्मचर्य का संकल्प लेकर भी बार-बार टूट जाता है।
YePvN93RSSQ,https://www.youtube.com/watch?v=YePvN93RSSQ,https://www.youtube.com/watch?v=YePvN93RSSQ&t=2652,18,2652,2707,"मेरी साधना स्वयं के लिए है या भगवत प्राप्ति के लिए, यह कैसे पता चलेगा?"
YePvN93RSSQ,https://www.youtube.com/watch?v=YePvN93RSSQ,https://www.youtube.com/watch?v=YePvN93RSSQ&t=2707,19,2707,2816,योग साधना करते हुए भी शांति या रस की अनुभूति नहीं हो रही है।
YePvN93RSSQ,https://www.youtube.com/watch?v=YePvN93RSSQ,https://www.youtube.com/watch?v=YePvN93RSSQ&t=2816,20,2816,3230,गृहस्थ में मोक्ष संभव है तो आपने सन्यास जीवन को क्यों अपनाया ?
YePvN93RSSQ,https://www.youtube.com/watch?v=YePvN93RSSQ,https://www.youtube.com/watch?v=YePvN93RSSQ&t=3230,21,3230,4305,"मैं Red Light Areas में जाकर लड़कियों को बचाती हूँ, पर बहुत चुनौतियाँ आती हैं।"
wNxIvTCz6tY,https://www.youtube.com/watch?v=wNxIvTCz6tY,https://www.youtube.com/watch?v=wNxIvTCz6tY&t=0,1,0,165,राधा नाम
wNxIvTCz6tY,https://www.youtube.com/watch?v=wNxIvTCz6tY,https://www.youtube.com/watch?v=wNxIvTCz6tY&t=165,2,165,385,माता-पिता आदि सभी ऋणों से मुक्त होने का क्या उपाय है?
wNxIvTCz6tY,https://www.youtube.com/watch?v=wNxIvTCz6tY,https://www.youtube.com/watch?v=wNxIvTCz6tY&t=385,3,385,582,बिना किसी भाव के नाम जप का प्रभाव कब प्रकट होगा?
wNxIvTCz6tY,https://www.youtube.com/watch?v=wNxIvTCz6tY,https://www.youtube.com/watch?v=wNxIvTCz6tY&t=582,4,582,718,नरवाहन जी जैसी कृपा हम पर कैसे होगी?
wNxIvTCz6tY,https://www.youtube.com/watch?v=wNxIvTCz6tY,https://www.youtube.com/watch?v=wNxIvTCz6tY&t=718,5,718,822,क्या महान संतों के आने का कोई निश्चित काल रहता है?
wNxIvTCz6tY,https://www.youtube.com/watch?v=wNxIvTCz6tY,https://www.youtube.com/watch?v=wNxIvTCz6tY&t=822,6,822,1097,सांसारिक वस्तुओं का महत्व कैसे कम हो?
wNxIvTCz6tY,https://www.youtube.com/watch?v=wNxIvTCz6tY,https://www.youtube.com/watch?v=wNxIvTCz6tY&t=1097,7,1097,1228,भक्ति और अहंकार में अंतर कैसे पहचाने ?
wNxIvTCz6tY,https://www.youtube.com/watch?v=wNxIvTCz6tY,https://www.youtube.com/watch?v=wNxIvTCz6tY&t=1228,8,1228,1292,किसी को मानसिक चोट पहुँचाने पर माफी माँग लें तो क्या माफी मिल जाएगी?
wNxIvTCz6tY,https://www.youtube.com/watch?v=wNxIvTCz6tY,https://www.youtube.com/watch?v=wNxIvTCz6tY&t=1292,9,1292,1436,क्या कर्तव्य पालन करने के लिए भगवातिक दिनचर्या का त्याग कर सकते हैं ?
wNxIvTCz6tY,https://www.youtube.com/watch?v=wNxIvTCz6tY,https://www.youtube.com/watch?v=wNxIvTCz6tY&t=1436,10,1436,1500,कार्यस्थल पर मान और इज्जत की कामना करना क्या निंदनीय है?
wNxIvTCz6tY,https://www.youtube.com/watch?v=wNxIvTCz6tY,https://www.youtube.com/watch?v=wNxIvTCz6tY&t=1500,11,1500,1804,जिसे धर्म और शस्त्रों का ज्ञान न हो उसे कैसा जीवन जीना चाहिए ?
wNxIvTCz6tY,https://www.youtube.com/watch?v=wNxIvTCz6tY,https://www.youtube.com/watch?v=wNxIvTCz6tY&t=1804,12,1804,2013,"मन एक जगह नहीं लगता—कभी नाम, कभी मंत्र, कभी धीरे, कभी तेज। सही तरीका क्या है?"
wNxIvTCz6tY,https://www.youtube.com/watch?v=wNxIvTCz6tY,https://www.youtube.com/watch?v=wNxIvTCz6tY&t=2013,13,2013,2259,दूसरों में दोष-दर्शन भी क्या पाप है?
wNxIvTCz6tY,https://www.youtube.com/watch?v=wNxIvTCz6tY,https://www.youtube.com/watch?v=wNxIvTCz6tY&t=2259,14,2259,2439,क्या हम स्वतंत्र कर्म नहीं कर सकते?
wNxIvTCz6tY,https://www.youtube.com/watch?v=wNxIvTCz6tY,https://www.youtube.com/watch?v=wNxIvTCz6tY&t=2439,15,2439,2677,किसी को दान आदि देने पर यदि उसका गलत दुरुपयोग हो तो क्या हमें भी दोष लगेगा?
wNxIvTCz6tY,https://www.youtube.com/watch?v=wNxIvTCz6tY,https://www.youtube.com/watch?v=wNxIvTCz6tY&t=2677,16,2677,2929,जब दुनिया झूठी लगने लगे तो क्या करें?
wNxIvTCz6tY,https://www.youtube.com/watch?v=wNxIvTCz6tY,https://www.youtube.com/watch?v=wNxIvTCz6tY&t=2929,17,2929,3091,प्रेम और काम में क्या अंतर है?
wNxIvTCz6tY,https://www.youtube.com/watch?v=wNxIvTCz6tY,https://www.youtube.com/watch?v=wNxIvTCz6tY&t=3091,18,3091,3924,"ब्रज 84 कोस यात्रा - विधि, तैयारी और आवश्यक सावधानियाँ !"
